order_id,order_time,timeframe,product_name,category,seller_id,seller_state,customer_area,customer_city,quantity,unit_price,discount_percent,order_value,payment_method,order_status,delivery_date,
AMZ000001,2024-05-09 22:20,22-23,Prestige Mixer Grinder,Home Appliances,SLR0050,Karnataka,Lajpat Nagar,Delhi,1,1249,20,999,Debit Card,Returned,,"Please provide a specific question or query about the spreadsheet data, and I will be happy to answer it."
AMZ000002,2024-03-15 08:35,8-9,Lakme Face Cream,Beauty,SLR0001,Gujarat,Kothrud,Pune,1,619,50,310,Cash on Delivery,Delivered,2024-03-17,
AMZ000003,2024-04-07 12:32,12-13,Levi's T-Shirt,Clothing,SLR0047,Rajasthan,Park Street,Kolkata,1,1519,10,1367,Debit Card,Delivered,2024-04-12,
AMZ000004,2024-05-13 21:34,21-22,Philips Hair Dryer,Home Appliances,SLR0058,Delhi,Hitech City,Hyderabad,1,1709,20,1367,Debit Card,Delivered,2024-05-18,
AMZ000005,2024-08-12 19:38,19-20,Mamaearth Shampoo,Beauty,SLR0020,Karnataka,Anna Nagar,Chennai,2,789,20,1262,Credit Card,Delivered,2024-08-15,
AMZ000006,2024-02-14 15:06,15-16,Puma Running Shoes,Footwear,SLR0021,Telangana,Viman Nagar,Pune,3,1239,25,2787,UPI,Delivered,2024-02-18,
AMZ000007,2024-11-17 08:49,8-9,Mamaearth Shampoo,Beauty,SLR0032,Rajasthan,Howrah,Kolkata,3,529,5,1509,Net Banking,Delivered,2024-11-21,
AMZ000008,2024-10-25 14:38,14-15,Prestige Mixer Grinder,Home Appliances,SLR0057,Punjab,Gachibowli,Hyderabad,1,2229,15,1895,UPI,Delivered,2024-10-29,
AMZ000009,2024-01-07 06:02,6-7,Bata Formal Shoes,Footwear,SLR0162,Maharashtra,Bandra,Mumbai,1,929,40,557,Cash on Delivery,Delivered,2024-01-08,
AMZ000010,2024-05-11 18:32,18-19,Classmate Notebooks Pack,Stationery,SLR0177,West Bengal,Jadavpur,Kolkata,1,259,50,130,UPI,Delivered,2024-05-12,
AMZ000011,2024-03-16 15:19,15-16,Realme Smart Watch,Electronics,SLR0005,West Bengal,Gachibowli,Hyderabad,3,1909,40,3435,Amazon Pay,Delivered,2024-03-21,
AMZ000012,2024-01-01 21:03,21-22,Bata Formal Shoes,Footwear,SLR0038,Maharashtra,Velachery,Chennai,1,1279,20,1023,Cash on Delivery,Delivered,2024-01-02,
AMZ000013,2024-12-07 10:59,10-11,JBL Flip Speaker,Electronics,SLR0100,West Bengal,Banjara Hills,Hyderabad,1,2159,15,1835,Credit Card,Cancelled,,
AMZ000014,2024-05-02 15:16,15-16,Realme Smart Watch,Electronics,SLR0042,Tamil Nadu,Lajpat Nagar,Delhi,1,1659,5,1576,Cash on Delivery,Pending,,
AMZ000015,2024-04-29 19:42,19-20,Levi's T-Shirt,Clothing,SLR0148,Punjab,Gachibowli,Hyderabad,1,1169,25,877,UPI,Delivered,2024-05-04,
AMZ000016,2024-02-22 18:30,18-19,Van Heusen Formal Shirt,Clothing,SLR0076,Telangana,Wakad,Pune,1,749,50,374,Credit Card,Delivered,2024-02-24,
AMZ000017,2024-01-10 21:37,21-22,Realme Smart Watch,Electronics,SLR0010,Maharashtra,Hitech City,Hyderabad,1,1949,5,1852,Net Banking,Pending,,
AMZ000018,2024-02-16 15:42,15-16,JBL Flip Speaker,Electronics,SLR0131,Delhi,Jadavpur,Kolkata,1,1999,40,1199,Cash on Delivery,Delivered,2024-02-18,
AMZ000019,2024-02-25 17:42,17-18,Pigeon Pressure Cooker,Kitchen,SLR0118,West Bengal,Whitefield,Bengaluru,1,679,40,407,UPI,Returned,,
AMZ000020,2024-04-09 17:56,17-18,Van Heusen Formal Shirt,Clothing,SLR0065,Gujarat,Park Street,Kolkata,2,1849,10,3328,Debit Card,Delivered,2024-04-14,
AMZ000021,2024-06-14 15:20,15-16,Philips Hair Dryer,Home Appliances,SLR0199,Gujarat,Howrah,Kolkata,3,2349,50,3522,Amazon Pay,Returned,,
AMZ000022,2024-12-01 03:33,3-4,Lakme Face Cream,Beauty,SLR0137,Uttar Pradesh,Whitefield,Bengaluru,3,499,25,1122,UPI,Returned,,
AMZ000023,2024-07-12 07:47,7-8,Mamaearth Shampoo,Beauty,SLR0181,Gujarat,Jadavpur,Kolkata,3,959,25,2157,UPI,Delivered,2024-07-13,
AMZ000024,2024-03-15 21:08,21-22,boAt Rockerz 255,Electronics,SLR0055,Punjab,Indiranagar,Bengaluru,1,3089,5,2935,UPI,Delivered,2024-03-20,
AMZ000025,2024-01-12 20:54,20-21,Classmate Notebooks Pack,Stationery,SLR0031,Tamil Nadu,T Nagar,Chennai,1,479,15,407,Debit Card,Cancelled,,
AMZ000026,2024-11-30 17:21,17-18,Lakme Face Cream,Beauty,SLR0188,Punjab,Bandra,Mumbai,1,809,40,485,Cash on Delivery,Delivered,2024-12-01,
AMZ000027,2024-12-25 11:19,11-12,American Tourister Trolley,Bags,SLR0117,Punjab,Dadar,Mumbai,1,1379,5,1310,UPI,Delivered,2024-12-26,
AMZ000028,2024-08-18 04:47,4-5,Fire TV Stick,Electronics,SLR0127,Uttar Pradesh,Park Street,Kolkata,2,1679,10,3022,Debit Card,Cancelled,,
AMZ000029,2024-08-08 21:00,21-22,boAt Rockerz 255,Electronics,SLR0097,Tamil Nadu,Thane,Mumbai,1,759,25,569,Credit Card,Delivered,2024-08-13,
AMZ000030,2024-05-10 15:40,15-16,Echo Dot,Electronics,SLR0139,Karnataka,Howrah,Kolkata,1,3659,40,2195,Net Banking,Delivered,2024-05-15,
AMZ000031,2024-02-06 22:11,22-23,Bata Formal Shoes,Footwear,SLR0053,Telangana,T Nagar,Chennai,1,1409,30,986,Credit Card,Delivered,2024-02-09,
AMZ000032,2024-08-28 22:14,22-23,Bata Formal Shoes,Footwear,SLR0148,Uttar Pradesh,Lajpat Nagar,Delhi,3,709,40,1275,UPI,Delivered,2024-09-02,
AMZ000033,2024-04-10 17:25,17-18,JBL Flip Speaker,Electronics,SLR0055,Punjab,Anna Nagar,Chennai,1,949,25,712,UPI,Delivered,2024-04-13,
AMZ000034,2024-06-22 05:41,5-6,Philips Hair Dryer,Home Appliances,SLR0129,Telangana,HSR Layout,Bengaluru,1,2019,20,1615,Net Banking,Returned,,
AMZ000035,2024-05-10 12:22,12-13,Prestige Mixer Grinder,Home Appliances,SLR0041,Rajasthan,Velachery,Chennai,1,1779,25,1334,UPI,Delivered,2024-05-15,
AMZ000036,2024-08-16 19:18,19-20,Bata Formal Shoes,Footwear,SLR0062,Karnataka,Saket,Delhi,1,879,10,791,Debit Card,Delivered,2024-08-19,
AMZ000037,2024-05-28 23:11,23-24,Pigeon Pressure Cooker,Kitchen,SLR0150,Uttar Pradesh,Andheri,Mumbai,1,669,40,401,Credit Card,Delivered,2024-06-01,
AMZ000038,2024-02-22 18:43,18-19,Mamaearth Shampoo,Beauty,SLR0092,West Bengal,Banjara Hills,Hyderabad,1,309,40,185,Cash on Delivery,Delivered,2024-02-24,
AMZ000039,2024-07-16 13:24,13-14,Mamaearth Shampoo,Beauty,SLR0110,Punjab,Salt Lake,Kolkata,2,649,5,1234,Credit Card,Delivered,2024-07-21,
AMZ000040,2024-06-05 23:18,23-24,Lakme Face Cream,Beauty,SLR0114,Punjab,Banjara Hills,Hyderabad,1,239,10,215,Credit Card,Delivered,2024-06-09,
AMZ000041,2024-06-18 14:58,14-15,Milton Water Bottle,Kitchen,SLR0154,Karnataka,Indiranagar,Bengaluru,1,549,15,467,Debit Card,Cancelled,,
AMZ000042,2024-03-04 13:28,13-14,Fire TV Stick,Electronics,SLR0043,Maharashtra,Anna Nagar,Chennai,1,3159,25,2369,Debit Card,Returned,,
AMZ000043,2024-06-24 23:22,23-24,Milton Water Bottle,Kitchen,SLR0198,Tamil Nadu,Dadar,Mumbai,1,1879,40,1127,Net Banking,Delivered,2024-06-25,
AMZ000044,2024-08-30 23:37,23-24,Lakme Face Cream,Beauty,SLR0163,Uttar Pradesh,Thane,Mumbai,1,649,5,617,Credit Card,Delivered,2024-09-03,
AMZ000045,2024-02-24 22:39,22-23,Samsung Galaxy Buds,Electronics,SLR0024,Maharashtra,HSR Layout,Bengaluru,1,4439,30,3107,Cash on Delivery,Cancelled,,
AMZ000046,2024-09-06 15:29,15-16,Levi's T-Shirt,Clothing,SLR0138,Karnataka,Rohini,Delhi,2,799,30,1118,Net Banking,Pending,,
AMZ000047,2024-09-22 15:14,15-16,boAt Rockerz 255,Electronics,SLR0170,Punjab,Viman Nagar,Pune,3,1609,15,4104,UPI,Delivered,2024-09-24,
AMZ000048,2024-10-13 13:50,13-14,Milton Water Bottle,Kitchen,SLR0090,Gujarat,Lajpat Nagar,Delhi,1,569,10,512,UPI,Delivered,2024-10-18,
AMZ000049,2024-04-06 23:23,23-24,Puma Running Shoes,Footwear,SLR0181,West Bengal,Kothrud,Pune,3,2429,10,6558,Credit Card,Delivered,2024-04-11,
AMZ000050,2024-09-02 22:28,22-23,Levi's T-Shirt,Clothing,SLR0186,Uttar Pradesh,T Nagar,Chennai,1,1689,10,1520,Net Banking,Delivered,2024-09-05,
AMZ000051,2024-03-27 17:07,17-18,Bata Formal Shoes,Footwear,SLR0060,Gujarat,Kothrud,Pune,2,1109,30,1552,Debit Card,Cancelled,,
AMZ000052,2024-05-14 22:21,22-23,American Tourister Trolley,Bags,SLR0190,Rajasthan,Hitech City,Hyderabad,1,2429,5,2308,UPI,Cancelled,,
AMZ000053,2024-01-23 19:01,19-20,Prestige Mixer Grinder,Home Appliances,SLR0199,Punjab,Madhapur,Hyderabad,2,3529,5,6706,Debit Card,Delivered,2024-01-27,
AMZ000054,2024-02-16 20:13,20-21,Van Heusen Formal Shirt,Clothing,SLR0059,Punjab,T Nagar,Chennai,1,1299,20,1039,UPI,Delivered,2024-02-19,
AMZ000055,2024-06-18 19:15,19-20,JBL Flip Speaker,Electronics,SLR0166,Rajasthan,Howrah,Kolkata,1,3639,50,1820,Debit Card,Delivered,2024-06-20,
AMZ000056,2024-07-23 09:30,9-10,Fire TV Stick,Electronics,SLR0048,Maharashtra,HSR Layout,Bengaluru,2,4749,5,9024,Amazon Pay,Delivered,2024-07-25,
AMZ000057,2024-01-09 17:23,17-18,Bata Formal Shoes,Footwear,SLR0066,Telangana,Velachery,Chennai,1,2959,10,2663,Cash on Delivery,Delivered,2024-01-12,
AMZ000058,2024-08-04 05:57,5-6,Mamaearth Shampoo,Beauty,SLR0025,Punjab,Salt Lake,Kolkata,3,359,50,540,Credit Card,Delivered,2024-08-05,
AMZ000059,2024-03-10 19:59,19-20,Puma Running Shoes,Footwear,SLR0047,Karnataka,Indiranagar,Bengaluru,2,1899,25,2848,UPI,Delivered,2024-03-13,
AMZ000060,2024-02-28 00:44,0-1,Lakme Face Cream,Beauty,SLR0066,Maharashtra,Indiranagar,Bengaluru,1,349,25,262,Cash on Delivery,Returned,,
AMZ000061,2024-08-14 12:14,12-13,Milton Water Bottle,Kitchen,SLR0186,Rajasthan,HSR Layout,Bengaluru,1,1669,5,1586,Debit Card,Returned,,
AMZ000062,2024-10-11 17:42,17-18,Bata Formal Shoes,Footwear,SLR0175,Tamil Nadu,Jadavpur,Kolkata,1,2899,5,2754,UPI,Delivered,2024-10-12,
AMZ000063,2024-12-26 10:45,10-11,Levi's T-Shirt,Clothing,SLR0055,Uttar Pradesh,HSR Layout,Bengaluru,1,339,25,254,Credit Card,Delivered,2024-12-27,
AMZ000064,2024-06-22 20:58,20-21,Philips Hair Dryer,Home Appliances,SLR0163,Punjab,Saket,Delhi,1,1569,20,1255,UPI,Delivered,2024-06-27,
AMZ000065,2024-05-19 12:43,12-13,JBL Flip Speaker,Electronics,SLR0033,Maharashtra,Whitefield,Bengaluru,1,4689,5,4455,Credit Card,Delivered,2024-05-21,
AMZ000066,2024-06-06 14:26,14-15,Puma Running Shoes,Footwear,SLR0071,Punjab,Thane,Mumbai,1,1209,15,1028,Credit Card,Delivered,2024-06-10,
AMZ000067,2024-02-14 20:45,20-21,Casio Calculator,Stationery,SLR0188,Telangana,Koramangala,Bengaluru,1,319,40,191,UPI,Delivered,2024-02-18,
AMZ000068,2024-07-13 22:45,22-23,Samsung Galaxy Buds,Electronics,SLR0052,Delhi,Whitefield,Bengaluru,1,4029,20,3223,Debit Card,Delivered,2024-07-17,
AMZ000069,2024-08-06 13:07,13-14,Mamaearth Shampoo,Beauty,SLR0040,Telangana,Thane,Mumbai,2,419,30,586,Net Banking,Delivered,2024-08-11,
AMZ000070,2024-09-15 19:36,19-20,Fire TV Stick,Electronics,SLR0043,Gujarat,Gachibowli,Hyderabad,1,4009,15,3408,UPI,Delivered,2024-09-16,
AMZ000071,2024-09-29 19:04,19-20,Samsung Galaxy Buds,Electronics,SLR0107,Gujarat,Dadar,Mumbai,1,689,15,586,UPI,Cancelled,,
AMZ000072,2024-09-25 19:14,19-20,Puma Running Shoes,Footwear,SLR0005,Uttar Pradesh,T Nagar,Chennai,2,1549,40,1858,Amazon Pay,Delivered,2024-09-29,
AMZ000073,2024-05-10 10:23,10-11,boAt Rockerz 255,Electronics,SLR0031,Delhi,Salt Lake,Kolkata,1,1989,10,1790,Net Banking,Cancelled,,
AMZ000074,2024-06-03 09:52,9-10,JBL Flip Speaker,Electronics,SLR0113,Uttar Pradesh,Saket,Delhi,1,2059,40,1235,UPI,Delivered,2024-06-06,
AMZ000075,2024-02-08 20:58,20-21,Pigeon Pressure Cooker,Kitchen,SLR0110,Rajasthan,Andheri,Mumbai,2,809,25,1214,Cash on Delivery,Delivered,2024-02-11,
AMZ000076,2024-01-15 23:19,23-24,Milton Water Bottle,Kitchen,SLR0092,Karnataka,Anna Nagar,Chennai,3,1129,5,3219,Debit Card,Delivered,2024-01-19,
AMZ000077,2024-09-13 20:30,20-21,Wildcraft Backpack,Bags,SLR0099,Maharashtra,Thane,Mumbai,2,2499,40,2998,Net Banking,Delivered,2024-09-16,
AMZ000078,2024-05-01 18:42,18-19,Mamaearth Shampoo,Beauty,SLR0181,Tamil Nadu,Kothrud,Pune,1,459,5,436,Amazon Pay,Delivered,2024-05-05,
AMZ000079,2024-09-05 10:02,10-11,Levi's T-Shirt,Clothing,SLR0096,Punjab,HSR Layout,Bengaluru,2,609,10,1096,UPI,Delivered,2024-09-06,
AMZ000080,2024-01-11 09:34,9-10,Prestige Mixer Grinder,Home Appliances,SLR0098,Telangana,T Nagar,Chennai,2,2119,5,4026,UPI,Delivered,2024-01-13,
AMZ000081,2024-07-19 08:23,8-9,Lakme Face Cream,Beauty,SLR0088,Uttar Pradesh,Banjara Hills,Hyderabad,2,969,5,1842,UPI,Cancelled,,
AMZ000082,2024-08-03 12:58,12-13,Classmate Notebooks Pack,Stationery,SLR0109,Uttar Pradesh,Hinjewadi,Pune,1,139,5,132,UPI,Delivered,2024-08-04,
AMZ000083,2024-02-17 10:49,10-11,Pigeon Pressure Cooker,Kitchen,SLR0052,Rajasthan,Hitech City,Hyderabad,1,809,20,647,UPI,Delivered,2024-02-21,
AMZ000084,2024-10-07 16:50,16-17,Wildcraft Backpack,Bags,SLR0034,Telangana,Connaught Place,Delhi,1,1029,5,978,UPI,Returned,,
AMZ000085,2024-03-22 21:26,21-22,Van Heusen Formal Shirt,Clothing,SLR0098,Uttar Pradesh,Borivali,Mumbai,1,589,10,530,Debit Card,Delivered,2024-03-27,
AMZ000086,2024-10-30 17:46,17-18,Fire TV Stick,Electronics,SLR0194,Delhi,HSR Layout,Bengaluru,1,4939,15,4198,Debit Card,Delivered,2024-11-01,
AMZ000087,2024-07-24 11:07,11-12,Fire TV Stick,Electronics,SLR0130,Maharashtra,Kothrud,Pune,1,1599,20,1279,Credit Card,Delivered,2024-07-26,
AMZ000088,2024-07-18 11:01,11-12,boAt Rockerz 255,Electronics,SLR0169,Punjab,Kothrud,Pune,2,1709,50,1708,UPI,Cancelled,,
AMZ000089,2024-08-29 12:33,12-13,Bata Formal Shoes,Footwear,SLR0121,Karnataka,Howrah,Kolkata,1,2979,25,2234,Credit Card,Delivered,2024-08-31,
AMZ000090,2024-09-01 12:17,12-13,boAt Rockerz 255,Electronics,SLR0026,Punjab,Andheri,Mumbai,2,3209,50,3208,Cash on Delivery,Delivered,2024-09-02,
AMZ000091,2024-07-05 14:19,14-15,Levi's T-Shirt,Clothing,SLR0003,Telangana,Dadar,Mumbai,1,1949,15,1657,Credit Card,Delivered,2024-07-06,
AMZ000092,2024-02-26 10:30,10-11,Classmate Notebooks Pack,Stationery,SLR0030,Gujarat,Indiranagar,Bengaluru,1,219,50,110,Net Banking,Cancelled,,
AMZ000093,2024-06-11 07:19,7-8,JBL Flip Speaker,Electronics,SLR0169,West Bengal,Anna Nagar,Chennai,3,1319,10,3561,UPI,Delivered,2024-06-13,
AMZ000094,2024-01-23 10:19,10-11,Samsung Galaxy Buds,Electronics,SLR0007,Rajasthan,Thane,Mumbai,1,3209,10,2888,UPI,Cancelled,,
AMZ000095,2024-10-05 18:28,18-19,Classmate Notebooks Pack,Stationery,SLR0062,Gujarat,Dwarka,Delhi,1,349,40,209,UPI,Delivered,2024-10-08,
AMZ000096,2024-02-25 21:33,21-22,boAt Rockerz 255,Electronics,SLR0191,Telangana,Howrah,Kolkata,1,1639,15,1393,Debit Card,Delivered,2024-02-27,
AMZ000097,2024-10-10 19:31,19-20,Philips Hair Dryer,Home Appliances,SLR0146,Karnataka,Gachibowli,Hyderabad,3,3419,30,7179,UPI,Delivered,2024-10-12,
AMZ000098,2024-03-30 17:20,17-18,Casio Calculator,Stationery,SLR0077,Maharashtra,Jadavpur,Kolkata,1,489,40,293,Net Banking,Pending,,
AMZ000099,2024-07-07 10:23,10-11,JBL Flip Speaker,Electronics,SLR0175,Punjab,Connaught Place,Delhi,1,3069,20,2455,Cash on Delivery,Delivered,2024-07-08,
AMZ000100,2024-12-18 15:23,15-16,Philips Hair Dryer,Home Appliances,SLR0085,Karnataka,HSR Layout,Bengaluru,1,1759,5,1671,Credit Card,Delivered,2024-12-19,
AMZ000101,2024-11-13 21:48,21-22,Samsung Galaxy Buds,Electronics,SLR0012,Tamil Nadu,Salt Lake,Kolkata,1,3599,30,2519,UPI,Delivered,2024-11-14,
AMZ000102,2024-01-28 18:55,18-19,Echo Dot,Electronics,SLR0098,Gujarat,Hitech City,Hyderabad,3,2769,15,7062,Cash on Delivery,Delivered,2024-01-29,
AMZ000103,2024-05-14 07:46,7-8,Realme Smart Watch,Electronics,SLR0066,West Bengal,Hitech City,Hyderabad,3,1779,15,4536,UPI,Delivered,2024-05-15,
AMZ000104,2024-08-26 23:24,23-24,JBL Flip Speaker,Electronics,SLR0053,West Bengal,Gachibowli,Hyderabad,1,2639,50,1320,Net Banking,Delivered,2024-08-28,
AMZ000105,2024-08-29 11:59,11-12,Mamaearth Shampoo,Beauty,SLR0072,Rajasthan,Koramangala,Bengaluru,1,989,50,494,Credit Card,Delivered,2024-09-02,
AMZ000106,2024-09-09 13:33,13-14,Mamaearth Shampoo,Beauty,SLR0135,Telangana,Banjara Hills,Hyderabad,2,839,40,1006,UPI,Delivered,2024-09-13,
AMZ000107,2024-11-10 22:19,22-23,Fire TV Stick,Electronics,SLR0148,West Bengal,Jadavpur,Kolkata,1,929,25,697,Debit Card,Cancelled,,
AMZ000108,2024-08-18 13:11,13-14,Classmate Notebooks Pack,Stationery,SLR0135,Rajasthan,Hitech City,Hyderabad,3,439,5,1251,Debit Card,Delivered,2024-08-19,
AMZ000109,2024-11-16 09:18,9-10,Levi's T-Shirt,Clothing,SLR0060,Punjab,Gachibowli,Hyderabad,1,739,40,443,Net Banking,Pending,,
AMZ000110,2024-10-15 12:40,12-13,Casio Calculator,Stationery,SLR0023,West Bengal,Gachibowli,Hyderabad,1,419,15,356,Debit Card,Delivered,2024-10-17,
AMZ000111,2024-01-10 17:52,17-18,Wildcraft Backpack,Bags,SLR0059,West Bengal,Velachery,Chennai,3,669,40,1203,UPI,Delivered,2024-01-14,
AMZ000112,2024-06-18 16:10,16-17,American Tourister Trolley,Bags,SLR0153,Tamil Nadu,Wakad,Pune,1,979,50,490,UPI,Delivered,2024-06-22,
AMZ000113,2024-01-03 22:41,22-23,Wildcraft Backpack,Bags,SLR0004,Punjab,Viman Nagar,Pune,1,1949,50,974,Debit Card,Delivered,2024-01-08,
AMZ000114,2024-05-29 12:49,12-13,Lakme Face Cream,Beauty,SLR0092,Delhi,Rohini,Delhi,1,549,40,329,UPI,Delivered,2024-05-30,
AMZ000115,2024-01-29 21:12,21-22,Van Heusen Formal Shirt,Clothing,SLR0054,Karnataka,Velachery,Chennai,2,1369,40,1642,Net Banking,Delivered,2024-01-30,
AMZ000116,2024-05-01 19:09,19-20,Milton Water Bottle,Kitchen,SLR0117,Tamil Nadu,Bandra,Mumbai,1,1569,10,1412,Debit Card,Delivered,2024-05-05,
AMZ000117,2024-01-05 11:11,11-12,Casio Calculator,Stationery,SLR0071,Rajasthan,Hinjewadi,Pune,1,209,30,146,Debit Card,Delivered,2024-01-09,
AMZ000118,2024-09-24 23:09,23-24,Wildcraft Backpack,Bags,SLR0187,Rajasthan,Wakad,Pune,3,2989,40,5379,Debit Card,Delivered,2024-09-29,
AMZ000119,2024-12-17 20:48,20-21,Realme Smart Watch,Electronics,SLR0068,Uttar Pradesh,Hitech City,Hyderabad,1,1009,25,757,Debit Card,Cancelled,,
AMZ000120,2024-09-16 13:18,13-14,Lakme Face Cream,Beauty,SLR0173,Karnataka,Madhapur,Hyderabad,3,359,30,753,UPI,Delivered,2024-09-17,
AMZ000121,2024-04-30 14:00,14-15,JBL Flip Speaker,Electronics,SLR0054,Maharashtra,Gachibowli,Hyderabad,3,869,50,1302,Net Banking,Delivered,2024-05-04,
AMZ000122,2024-10-08 21:40,21-22,Pigeon Pressure Cooker,Kitchen,SLR0115,West Bengal,Madhapur,Hyderabad,1,549,25,412,Net Banking,Delivered,2024-10-12,
AMZ000123,2024-06-21 19:37,19-20,Prestige Mixer Grinder,Home Appliances,SLR0074,Tamil Nadu,Adyar,Chennai,1,3229,10,2906,UPI,Pending,,
AMZ000124,2024-03-09 20:09,20-21,Van Heusen Formal Shirt,Clothing,SLR0030,Rajasthan,Wakad,Pune,1,669,50,334,Debit Card,Delivered,2024-03-11,
AMZ000125,2024-10-01 19:26,19-20,Fire TV Stick,Electronics,SLR0138,Gujarat,Howrah,Kolkata,1,4339,10,3905,UPI,Delivered,2024-10-06,
AMZ000126,2024-06-19 19:39,19-20,Pigeon Pressure Cooker,Kitchen,SLR0015,Maharashtra,Andheri,Mumbai,1,1629,50,814,Cash on Delivery,Delivered,2024-06-21,
AMZ000127,2024-04-30 13:46,13-14,Realme Smart Watch,Electronics,SLR0180,Tamil Nadu,Borivali,Mumbai,2,4379,5,8320,UPI,Delivered,2024-05-03,
AMZ000128,2024-06-12 14:54,14-15,Wildcraft Backpack,Bags,SLR0067,Delhi,HSR Layout,Bengaluru,2,2789,5,5300,UPI,Delivered,2024-06-14,
AMZ000129,2024-05-05 13:53,13-14,Levi's T-Shirt,Clothing,SLR0083,Delhi,Thane,Mumbai,1,1849,15,1572,UPI,Delivered,2024-05-07,
AMZ000130,2024-01-10 06:38,6-7,Prestige Mixer Grinder,Home Appliances,SLR0034,Telangana,Connaught Place,Delhi,1,1379,15,1172,Net Banking,Delivered,2024-01-14,
AMZ000131,2024-12-01 11:58,11-12,Philips Hair Dryer,Home Appliances,SLR0142,Gujarat,Kothrud,Pune,2,3789,30,5304,Net Banking,Delivered,2024-12-02,
AMZ000132,2024-12-07 12:29,12-13,Classmate Notebooks Pack,Stationery,SLR0019,Karnataka,Saket,Delhi,1,289,5,275,Credit Card,Delivered,2024-12-10,
AMZ000133,2024-04-09 23:52,23-24,Levi's T-Shirt,Clothing,SLR0072,Uttar Pradesh,Indiranagar,Bengaluru,1,1499,40,899,Credit Card,Delivered,2024-04-10,
AMZ000134,2024-12-21 03:32,3-4,Mamaearth Shampoo,Beauty,SLR0156,Maharashtra,Andheri,Mumbai,1,919,5,873,Credit Card,Delivered,2024-12-25,
AMZ000135,2024-01-16 11:02,11-12,JBL Flip Speaker,Electronics,SLR0035,West Bengal,Adyar,Chennai,1,3249,5,3087,Cash on Delivery,Delivered,2024-01-18,
AMZ000136,2024-04-16 06:30,6-7,Echo Dot,Electronics,SLR0016,Gujarat,Andheri,Mumbai,1,4479,40,2687,UPI,Delivered,2024-04-20,
AMZ000137,2024-08-12 17:38,17-18,boAt Rockerz 255,Electronics,SLR0032,Karnataka,Anna Nagar,Chennai,2,729,15,1240,Debit Card,Delivered,2024-08-13,
AMZ000138,2024-06-21 14:40,14-15,Realme Smart Watch,Electronics,SLR0130,Punjab,Koramangala,Bengaluru,1,3499,5,3324,Credit Card,Delivered,2024-06-22,
AMZ000139,2024-04-20 16:41,16-17,Echo Dot,Electronics,SLR0120,Telangana,Andheri,Mumbai,3,1239,25,2787,UPI,Delivered,2024-04-24,
AMZ000140,2024-07-09 10:53,10-11,Casio Calculator,Stationery,SLR0182,Punjab,Bandra,Mumbai,1,319,10,287,UPI,Delivered,2024-07-11,
AMZ000141,2024-02-04 17:48,17-18,Lakme Face Cream,Beauty,SLR0186,Delhi,Howrah,Kolkata,1,679,25,509,Credit Card,Cancelled,,
AMZ000142,2024-05-24 18:21,18-19,Mamaearth Shampoo,Beauty,SLR0117,Uttar Pradesh,Salt Lake,Kolkata,1,699,40,419,Amazon Pay,Delivered,2024-05-25,
AMZ000143,2024-05-22 15:29,15-16,Samsung Galaxy Buds,Electronics,SLR0020,Punjab,Jadavpur,Kolkata,1,2239,25,1679,Credit Card,Delivered,2024-05-25,
AMZ000144,2024-11-11 20:36,20-21,American Tourister Trolley,Bags,SLR0167,Rajasthan,Dadar,Mumbai,1,1219,25,914,UPI,Delivered,2024-11-14,
AMZ000145,2024-08-04 22:10,22-23,Puma Running Shoes,Footwear,SLR0160,Karnataka,Park Street,Kolkata,1,1999,15,1699,Credit Card,Delivered,2024-08-08,
AMZ000146,2024-10-31 14:39,14-15,American Tourister Trolley,Bags,SLR0158,Maharashtra,HSR Layout,Bengaluru,1,1879,25,1409,Debit Card,Delivered,2024-11-01,
AMZ000147,2024-01-17 20:32,20-21,Levi's T-Shirt,Clothing,SLR0098,Maharashtra,Madhapur,Hyderabad,1,789,10,710,Debit Card,Delivered,2024-01-20,
AMZ000148,2024-05-10 15:23,15-16,Milton Water Bottle,Kitchen,SLR0073,Rajasthan,Adyar,Chennai,1,1929,5,1833,Credit Card,Delivered,2024-05-11,
AMZ000149,2024-10-04 09:35,9-10,JBL Flip Speaker,Electronics,SLR0180,Rajasthan,Thane,Mumbai,1,4809,30,3366,Net Banking,Delivered,2024-10-07,
AMZ000150,2024-05-09 20:09,20-21,Mamaearth Shampoo,Beauty,SLR0031,Tamil Nadu,Whitefield,Bengaluru,1,599,25,449,Debit Card,Delivered,2024-05-12,
AMZ000151,2024-07-15 20:41,20-21,Casio Calculator,Stationery,SLR0085,Telangana,Wakad,Pune,1,429,10,386,Credit Card,Returned,,
AMZ000152,2024-01-01 15:48,15-16,Classmate Notebooks Pack,Stationery,SLR0143,Karnataka,Borivali,Mumbai,2,359,25,538,Amazon Pay,Delivered,2024-01-04,
AMZ000153,2024-05-21 19:44,19-20,Pigeon Pressure Cooker,Kitchen,SLR0009,West Bengal,Howrah,Kolkata,3,1039,20,2493,UPI,Delivered,2024-05-23,
AMZ000154,2024-02-20 20:39,20-21,Puma Running Shoes,Footwear,SLR0179,Tamil Nadu,Viman Nagar,Pune,3,1449,50,2172,Cash on Delivery,Returned,,
AMZ000155,2024-12-24 20:49,20-21,Realme Smart Watch,Electronics,SLR0133,Telangana,Banjara Hills,Hyderabad,1,4469,25,3352,Debit Card,Delivered,2024-12-26,
AMZ000156,2024-12-01 15:46,15-16,Classmate Notebooks Pack,Stationery,SLR0128,Maharashtra,Velachery,Chennai,1,429,5,408,Cash on Delivery,Pending,,
AMZ000157,2024-11-07 09:23,9-10,Casio Calculator,Stationery,SLR0080,West Bengal,Gachibowli,Hyderabad,1,389,15,331,UPI,Returned,,
AMZ000158,2024-12-19 22:49,22-23,Milton Water Bottle,Kitchen,SLR0035,Delhi,Saket,Delhi,1,809,10,728,UPI,Delivered,2024-12-21,
AMZ000159,2024-04-25 15:26,15-16,Prestige Mixer Grinder,Home Appliances,SLR0053,Tamil Nadu,Adyar,Chennai,1,3309,40,1985,UPI,Delivered,2024-04-28,
AMZ000160,2024-12-26 18:59,18-19,Wildcraft Backpack,Bags,SLR0130,West Bengal,Anna Nagar,Chennai,1,3569,40,2141,UPI,Delivered,2024-12-29,
AMZ000161,2024-05-23 16:24,16-17,Van Heusen Formal Shirt,Clothing,SLR0052,Delhi,Viman Nagar,Pune,1,719,5,683,Debit Card,Delivered,2024-05-26,
AMZ000162,2024-06-07 13:56,13-14,Lakme Face Cream,Beauty,SLR0122,Tamil Nadu,Rohini,Delhi,1,229,15,195,Net Banking,Delivered,2024-06-09,
AMZ000163,2024-06-13 13:31,13-14,Philips Hair Dryer,Home Appliances,SLR0008,Karnataka,Rohini,Delhi,1,1599,40,959,UPI,Cancelled,,
AMZ000164,2024-02-01 14:26,14-15,Levi's T-Shirt,Clothing,SLR0068,Telangana,Wakad,Pune,1,509,5,484,Cash on Delivery,Delivered,2024-02-05,
AMZ000165,2024-05-02 23:41,23-24,Echo Dot,Electronics,SLR0022,Delhi,Kothrud,Pune,2,2359,40,2830,Debit Card,Delivered,2024-05-05,
AMZ000166,2024-02-13 17:33,17-18,Classmate Notebooks Pack,Stationery,SLR0046,Telangana,Rohini,Delhi,1,269,30,188,Cash on Delivery,Delivered,2024-02-17,
AMZ000167,2024-07-19 16:36,16-17,Classmate Notebooks Pack,Stationery,SLR0038,Telangana,Borivali,Mumbai,1,429,40,257,Amazon Pay,Delivered,2024-07-22,
AMZ000168,2024-11-29 21:05,21-22,Van Heusen Formal Shirt,Clothing,SLR0020,Punjab,Rohini,Delhi,3,1459,30,3063,UPI,Delivered,2024-11-30,
AMZ000169,2024-11-03 07:05,7-8,Echo Dot,Electronics,SLR0184,Delhi,Thane,Mumbai,1,3869,40,2321,Credit Card,Delivered,2024-11-06,
AMZ000170,2024-03-29 18:51,18-19,Mamaearth Shampoo,Beauty,SLR0012,Maharashtra,Gachibowli,Hyderabad,1,859,25,644,UPI,Returned,,
AMZ000171,2024-07-01 20:26,20-21,Puma Running Shoes,Footwear,SLR0014,Delhi,Saket,Delhi,1,1419,25,1064,UPI,Delivered,2024-07-03,
AMZ000172,2024-08-05 16:10,16-17,Pigeon Pressure Cooker,Kitchen,SLR0078,Gujarat,T Nagar,Chennai,1,769,40,461,UPI,Delivered,2024-08-07,
AMZ000173,2024-07-06 20:04,20-21,Puma Running Shoes,Footwear,SLR0014,Karnataka,Kothrud,Pune,2,1349,10,2428,Credit Card,Delivered,2024-07-08,
AMZ000174,2024-04-13 20:02,20-21,Fire TV Stick,Electronics,SLR0119,Rajasthan,Viman Nagar,Pune,1,1759,10,1583,Credit Card,Delivered,2024-04-14,
AMZ000175,2024-06-10 16:36,16-17,Pigeon Pressure Cooker,Kitchen,SLR0035,Delhi,Madhapur,Hyderabad,1,989,10,890,UPI,Delivered,2024-06-13,
AMZ000176,2024-01-17 16:33,16-17,Echo Dot,Electronics,SLR0173,Delhi,Anna Nagar,Chennai,1,3099,40,1859,Debit Card,Delivered,2024-01-20,
AMZ000177,2024-03-24 18:32,18-19,Lakme Face Cream,Beauty,SLR0044,Gujarat,Banjara Hills,Hyderabad,1,759,15,645,Credit Card,Delivered,2024-03-28,
AMZ000178,2024-05-30 15:56,15-16,Casio Calculator,Stationery,SLR0197,Rajasthan,T Nagar,Chennai,1,169,40,101,Debit Card,Delivered,2024-06-04,
AMZ000179,2024-07-17 11:07,11-12,Pigeon Pressure Cooker,Kitchen,SLR0041,Karnataka,Indiranagar,Bengaluru,1,1419,20,1135,UPI,Delivered,2024-07-18,
AMZ000180,2024-06-27 16:07,16-17,Milton Water Bottle,Kitchen,SLR0025,Maharashtra,Hinjewadi,Pune,1,1319,10,1187,Cash on Delivery,Delivered,2024-07-02,
AMZ000181,2024-09-20 11:31,11-12,Bata Formal Shoes,Footwear,SLR0076,Punjab,Whitefield,Bengaluru,1,529,50,264,Net Banking,Delivered,2024-09-21,
AMZ000182,2024-09-20 17:28,17-18,JBL Flip Speaker,Electronics,SLR0126,Maharashtra,Wakad,Pune,1,1059,40,635,Debit Card,Delivered,2024-09-23,
AMZ000183,2024-01-09 19:37,19-20,JBL Flip Speaker,Electronics,SLR0161,Tamil Nadu,Thane,Mumbai,1,2299,5,2184,Debit Card,Returned,,
AMZ000184,2024-09-13 09:10,9-10,Levi's T-Shirt,Clothing,SLR0149,Tamil Nadu,Howrah,Kolkata,1,589,20,471,Debit Card,Cancelled,,
AMZ000185,2024-05-19 13:26,13-14,Philips Hair Dryer,Home Appliances,SLR0042,Rajasthan,Connaught Place,Delhi,3,2779,10,7503,Amazon Pay,Delivered,2024-05-23,
AMZ000186,2024-01-16 19:43,19-20,Casio Calculator,Stationery,SLR0146,Rajasthan,Salt Lake,Kolkata,1,259,50,130,Cash on Delivery,Delivered,2024-01-19,
AMZ000187,2024-08-05 13:31,13-14,boAt Rockerz 255,Electronics,SLR0174,Delhi,Kothrud,Pune,1,3779,20,3023,Net Banking,Delivered,2024-08-07,
AMZ000188,2024-10-07 12:57,12-13,Realme Smart Watch,Electronics,SLR0118,Gujarat,Howrah,Kolkata,3,5009,10,13524,UPI,Delivered,2024-10-10,
AMZ000189,2024-06-04 16:37,16-17,Mamaearth Shampoo,Beauty,SLR0013,Rajasthan,Bandra,Mumbai,1,239,5,227,Credit Card,Delivered,2024-06-07,
AMZ000190,2024-08-30 12:55,12-13,Milton Water Bottle,Kitchen,SLR0181,West Bengal,HSR Layout,Bengaluru,1,349,10,314,Cash on Delivery,Delivered,2024-09-01,
AMZ000191,2024-11-26 20:57,20-21,Classmate Notebooks Pack,Stationery,SLR0037,Telangana,T Nagar,Chennai,1,499,25,374,UPI,Delivered,2024-11-29,
AMZ000192,2024-07-19 22:34,22-23,Lakme Face Cream,Beauty,SLR0123,Maharashtra,T Nagar,Chennai,1,649,20,519,UPI,Returned,,
AMZ000193,2024-11-12 09:03,9-10,Casio Calculator,Stationery,SLR0061,Uttar Pradesh,Rohini,Delhi,1,269,50,134,Debit Card,Delivered,2024-11-16,
AMZ000194,2024-10-23 17:52,17-18,Samsung Galaxy Buds,Electronics,SLR0049,Maharashtra,Hitech City,Hyderabad,1,1799,5,1709,Debit Card,Delivered,2024-10-28,
AMZ000195,2024-07-24 10:50,10-11,Puma Running Shoes,Footwear,SLR0070,Punjab,Koramangala,Bengaluru,1,649,40,389,Amazon Pay,Delivered,2024-07-26,
AMZ000196,2024-01-25 13:10,13-14,Prestige Mixer Grinder,Home Appliances,SLR0145,Delhi,Saket,Delhi,1,3779,20,3023,UPI,Delivered,2024-01-28,
AMZ000197,2024-05-03 06:00,6-7,Bata Formal Shoes,Footwear,SLR0182,Karnataka,Whitefield,Bengaluru,1,1609,5,1529,Cash on Delivery,Delivered,2024-05-08,
AMZ000198,2024-12-25 19:52,19-20,American Tourister Trolley,Bags,SLR0054,Maharashtra,T Nagar,Chennai,1,2399,20,1919,Cash on Delivery,Delivered,2024-12-30,
AMZ000199,2024-08-30 14:39,14-15,Casio Calculator,Stationery,SLR0041,Tamil Nadu,Park Street,Kolkata,1,179,15,152,Debit Card,Delivered,2024-09-03,
AMZ000200,2024-11-01 22:18,22-23,Philips Hair Dryer,Home Appliances,SLR0196,Gujarat,Madhapur,Hyderabad,3,2249,30,4722,Debit Card,Delivered,2024-11-04,
AMZ000201,2024-05-23 21:49,21-22,Levi's T-Shirt,Clothing,SLR0161,Delhi,Howrah,Kolkata,1,1099,20,879,UPI,Delivered,2024-05-25,
AMZ000202,2024-10-04 22:36,22-23,Samsung Galaxy Buds,Electronics,SLR0150,Gujarat,Bandra,Mumbai,3,2219,50,3330,Debit Card,Cancelled,,
AMZ000203,2024-06-26 12:10,12-13,Puma Running Shoes,Footwear,SLR0132,Telangana,Kothrud,Pune,3,879,25,1977,Credit Card,Delivered,2024-07-01,
AMZ000204,2024-01-23 18:01,18-19,Fire TV Stick,Electronics,SLR0047,Karnataka,Dadar,Mumbai,1,579,25,434,UPI,Delivered,2024-01-27,
AMZ000205,2024-09-16 17:36,17-18,Mamaearth Shampoo,Beauty,SLR0174,West Bengal,Adyar,Chennai,1,899,25,674,Credit Card,Delivered,2024-09-20,
AMZ000206,2024-06-22 23:34,23-24,Puma Running Shoes,Footwear,SLR0124,Gujarat,Adyar,Chennai,1,1889,20,1511,Credit Card,Delivered,2024-06-23,
AMZ000207,2024-11-01 20:25,20-21,Classmate Notebooks Pack,Stationery,SLR0135,West Bengal,HSR Layout,Bengaluru,1,129,40,77,UPI,Delivered,2024-11-04,
AMZ000208,2024-10-05 13:59,13-14,Lakme Face Cream,Beauty,SLR0120,Delhi,Velachery,Chennai,1,799,50,400,Net Banking,Delivered,2024-10-09,
AMZ000209,2024-10-16 16:28,16-17,Fire TV Stick,Electronics,SLR0121,Uttar Pradesh,Hitech City,Hyderabad,1,1799,30,1259,Credit Card,Delivered,2024-10-21,
AMZ000210,2024-10-04 11:23,11-12,Fire TV Stick,Electronics,SLR0197,Maharashtra,Dwarka,Delhi,3,4269,20,10245,UPI,Returned,,
AMZ000211,2024-06-12 23:33,23-24,Samsung Galaxy Buds,Electronics,SLR0053,Gujarat,Rohini,Delhi,1,3809,40,2285,Net Banking,Delivered,2024-06-13,
AMZ000212,2024-04-19 17:05,17-18,Fire TV Stick,Electronics,SLR0075,Karnataka,T Nagar,Chennai,1,1319,5,1253,Debit Card,Delivered,2024-04-20,
AMZ000213,2024-07-15 17:37,17-18,Prestige Mixer Grinder,Home Appliances,SLR0113,Karnataka,Hitech City,Hyderabad,1,3629,15,3085,Cash on Delivery,Delivered,2024-07-18,
AMZ000214,2024-01-31 20:59,20-21,Mamaearth Shampoo,Beauty,SLR0141,Karnataka,Dadar,Mumbai,1,269,50,134,Cash on Delivery,Delivered,2024-02-04,
AMZ000215,2024-10-10 23:16,23-24,Prestige Mixer Grinder,Home Appliances,SLR0076,Punjab,Banjara Hills,Hyderabad,1,2659,25,1994,Net Banking,Delivered,2024-10-14,
AMZ000216,2024-08-22 13:15,13-14,Van Heusen Formal Shirt,Clothing,SLR0172,Delhi,Anna Nagar,Chennai,1,1959,25,1469,UPI,Delivered,2024-08-25,
AMZ000217,2024-08-06 13:39,13-14,Wildcraft Backpack,Bags,SLR0093,Gujarat,Madhapur,Hyderabad,2,1069,25,1604,UPI,Delivered,2024-08-11,
AMZ000218,2024-03-01 21:02,21-22,JBL Flip Speaker,Electronics,SLR0085,Rajasthan,Kothrud,Pune,3,1359,25,3057,UPI,Cancelled,,
AMZ000219,2024-09-16 20:02,20-21,Mamaearth Shampoo,Beauty,SLR0143,West Bengal,Velachery,Chennai,1,729,15,620,Credit Card,Returned,,
AMZ000220,2024-10-15 07:41,7-8,Puma Running Shoes,Footwear,SLR0178,Telangana,Wakad,Pune,1,2009,25,1507,UPI,Delivered,2024-10-17,
AMZ000221,2024-12-26 12:07,12-13,Fire TV Stick,Electronics,SLR0141,Punjab,Andheri,Mumbai,1,3909,15,3323,UPI,Cancelled,,
AMZ000222,2024-08-21 13:25,13-14,American Tourister Trolley,Bags,SLR0044,Maharashtra,Whitefield,Bengaluru,1,2269,10,2042,Cash on Delivery,Delivered,2024-08-25,
AMZ000223,2024-02-18 14:30,14-15,American Tourister Trolley,Bags,SLR0146,Uttar Pradesh,Dwarka,Delhi,1,2079,40,1247,Net Banking,Delivered,2024-02-19,
AMZ000224,2024-01-01 12:25,12-13,Wildcraft Backpack,Bags,SLR0146,Uttar Pradesh,Rohini,Delhi,1,3619,15,3076,Cash on Delivery,Delivered,2024-01-05,
AMZ000225,2024-06-06 12:54,12-13,Wildcraft Backpack,Bags,SLR0109,Gujarat,Saket,Delhi,2,879,5,1670,Credit Card,Delivered,2024-06-10,
AMZ000226,2024-07-24 19:06,19-20,Puma Running Shoes,Footwear,SLR0139,Gujarat,Hinjewadi,Pune,1,2049,15,1742,UPI,Cancelled,,
AMZ000227,2024-11-27 22:37,22-23,Philips Hair Dryer,Home Appliances,SLR0089,Gujarat,Madhapur,Hyderabad,1,1129,15,960,UPI,Delivered,2024-11-30,
AMZ000228,2024-10-14 19:54,19-20,boAt Rockerz 255,Electronics,SLR0087,Uttar Pradesh,Hitech City,Hyderabad,1,4849,15,4122,Debit Card,Delivered,2024-10-17,
AMZ000229,2024-02-28 12:29,12-13,Echo Dot,Electronics,SLR0098,Punjab,Gachibowli,Hyderabad,1,1399,25,1049,Debit Card,Cancelled,,
AMZ000230,2024-07-29 12:30,12-13,Philips Hair Dryer,Home Appliances,SLR0105,Punjab,HSR Layout,Bengaluru,1,1859,50,930,Cash on Delivery,Delivered,2024-08-03,
AMZ000231,2024-05-04 16:51,16-17,Milton Water Bottle,Kitchen,SLR0099,Uttar Pradesh,Rohini,Delhi,2,1219,20,1950,Credit Card,Pending,,
AMZ000232,2024-01-21 16:24,16-17,Van Heusen Formal Shirt,Clothing,SLR0198,Gujarat,Velachery,Chennai,3,1609,50,2412,UPI,Returned,,
AMZ000233,2024-01-17 20:08,20-21,Pigeon Pressure Cooker,Kitchen,SLR0088,Tamil Nadu,Kothrud,Pune,1,809,40,485,UPI,Delivered,2024-01-22,
AMZ000234,2024-04-07 17:35,17-18,Van Heusen Formal Shirt,Clothing,SLR0077,Maharashtra,Velachery,Chennai,1,1189,50,594,Net Banking,Delivered,2024-04-11,
AMZ000235,2024-03-28 17:56,17-18,Levi's T-Shirt,Clothing,SLR0012,Karnataka,Lajpat Nagar,Delhi,1,1879,30,1315,Debit Card,Delivered,2024-04-02,
AMZ000236,2024-12-12 19:17,19-20,JBL Flip Speaker,Electronics,SLR0050,Gujarat,T Nagar,Chennai,1,4159,15,3535,Debit Card,Delivered,2024-12-17,
AMZ000237,2024-12-29 20:03,20-21,JBL Flip Speaker,Electronics,SLR0008,Maharashtra,Connaught Place,Delhi,1,3279,5,3115,UPI,Delivered,2025-01-02,
AMZ000238,2024-03-21 18:15,18-19,Milton Water Bottle,Kitchen,SLR0158,Tamil Nadu,Connaught Place,Delhi,1,379,5,360,UPI,Delivered,2024-03-26,
AMZ000239,2024-06-13 19:20,19-20,American Tourister Trolley,Bags,SLR0160,Rajasthan,Adyar,Chennai,2,1869,15,3178,Cash on Delivery,Delivered,2024-06-17,
AMZ000240,2024-02-15 19:31,19-20,Puma Running Shoes,Footwear,SLR0078,West Bengal,Howrah,Kolkata,1,2099,5,1994,UPI,Delivered,2024-02-16,
AMZ000241,2024-10-01 21:17,21-22,Levi's T-Shirt,Clothing,SLR0091,Uttar Pradesh,Wakad,Pune,1,1989,40,1193,Net Banking,Delivered,2024-10-04,
AMZ000242,2024-06-19 21:47,21-22,Bata Formal Shoes,Footwear,SLR0191,Uttar Pradesh,Hinjewadi,Pune,1,2029,15,1725,Debit Card,Cancelled,,
AMZ000243,2024-06-24 13:23,13-14,Philips Hair Dryer,Home Appliances,SLR0037,Punjab,Andheri,Mumbai,1,2789,40,1673,Debit Card,Returned,,
AMZ000244,2024-05-13 20:43,20-21,Van Heusen Formal Shirt,Clothing,SLR0186,Delhi,Salt Lake,Kolkata,2,729,10,1312,UPI,Delivered,2024-05-14,
AMZ000245,2024-03-26 18:51,18-19,Levi's T-Shirt,Clothing,SLR0164,Rajasthan,Wakad,Pune,1,319,5,303,Credit Card,Returned,,
AMZ000246,2024-01-16 16:37,16-17,Lakme Face Cream,Beauty,SLR0006,Telangana,Viman Nagar,Pune,1,819,20,655,Net Banking,Delivered,2024-01-21,
AMZ000247,2024-12-28 08:08,8-9,Van Heusen Formal Shirt,Clothing,SLR0042,Karnataka,Hitech City,Hyderabad,2,1689,30,2364,Cash on Delivery,Delivered,2024-12-31,
AMZ000248,2024-07-26 12:04,12-13,Philips Hair Dryer,Home Appliances,SLR0020,Gujarat,Gachibowli,Hyderabad,1,3649,20,2919,Cash on Delivery,Delivered,2024-07-27,
AMZ000249,2024-07-20 14:56,14-15,Wildcraft Backpack,Bags,SLR0008,Punjab,Wakad,Pune,1,1219,15,1036,Debit Card,Delivered,2024-07-22,
AMZ000250,2024-05-18 23:41,23-24,Echo Dot,Electronics,SLR0190,Punjab,Indiranagar,Bengaluru,2,2209,15,3756,Debit Card,Pending,,
AMZ000251,2024-07-26 14:35,14-15,Van Heusen Formal Shirt,Clothing,SLR0143,Rajasthan,Salt Lake,Kolkata,1,459,15,390,UPI,Pending,,
AMZ000252,2024-09-09 18:12,18-19,Fire TV Stick,Electronics,SLR0019,Uttar Pradesh,Whitefield,Bengaluru,1,979,10,881,UPI,Delivered,2024-09-11,
AMZ000253,2024-04-24 20:31,20-21,Samsung Galaxy Buds,Electronics,SLR0063,Tamil Nadu,Dadar,Mumbai,1,2559,40,1535,UPI,Delivered,2024-04-27,
AMZ000254,2024-02-26 09:59,9-10,Samsung Galaxy Buds,Electronics,SLR0155,Punjab,Lajpat Nagar,Delhi,1,809,30,566,Credit Card,Delivered,2024-02-28,
AMZ000255,2024-06-27 20:03,20-21,Echo Dot,Electronics,SLR0008,Maharashtra,Howrah,Kolkata,1,4909,40,2945,Debit Card,Returned,,
AMZ000256,2024-06-15 13:51,13-14,Bata Formal Shoes,Footwear,SLR0181,West Bengal,Indiranagar,Bengaluru,1,1369,40,821,Credit Card,Returned,,
AMZ000257,2024-08-21 08:06,8-9,Casio Calculator,Stationery,SLR0048,Tamil Nadu,Andheri,Mumbai,1,339,50,170,Credit Card,Pending,,
AMZ000258,2024-10-01 05:52,5-6,Lakme Face Cream,Beauty,SLR0188,Tamil Nadu,Salt Lake,Kolkata,1,489,50,244,Cash on Delivery,Delivered,2024-10-06,
AMZ000259,2024-06-07 20:39,20-21,Pigeon Pressure Cooker,Kitchen,SLR0025,Gujarat,Dadar,Mumbai,1,719,10,647,Net Banking,Pending,,
AMZ000260,2024-05-29 17:34,17-18,Pigeon Pressure Cooker,Kitchen,SLR0108,Karnataka,Viman Nagar,Pune,2,1019,50,1020,UPI,Delivered,2024-06-03,
AMZ000261,2024-08-26 11:09,11-12,Realme Smart Watch,Electronics,SLR0136,Rajasthan,Koramangala,Bengaluru,1,1099,10,989,Debit Card,Delivered,2024-08-27,
AMZ000262,2024-03-17 18:35,18-19,Bata Formal Shoes,Footwear,SLR0015,Maharashtra,Rohini,Delhi,1,1439,40,863,UPI,Delivered,2024-03-21,
AMZ000263,2024-02-16 13:42,13-14,Lakme Face Cream,Beauty,SLR0068,Delhi,Madhapur,Hyderabad,1,959,5,911,Cash on Delivery,Cancelled,,
AMZ000264,2024-08-12 06:38,6-7,Milton Water Bottle,Kitchen,SLR0169,Telangana,Kothrud,Pune,3,1529,15,3900,UPI,Delivered,2024-08-16,
AMZ000265,2024-11-07 12:52,12-13,Echo Dot,Electronics,SLR0196,Punjab,Dadar,Mumbai,3,2139,15,5454,Credit Card,Delivered,2024-11-08,
AMZ000266,2024-11-04 16:50,16-17,Samsung Galaxy Buds,Electronics,SLR0088,Maharashtra,Andheri,Mumbai,1,4539,5,4312,Net Banking,Delivered,2024-11-08,
AMZ000267,2024-11-21 08:45,8-9,Prestige Mixer Grinder,Home Appliances,SLR0162,Delhi,Viman Nagar,Pune,1,2409,5,2289,Credit Card,Delivered,2024-11-26,
AMZ000268,2024-01-03 11:17,11-12,American Tourister Trolley,Bags,SLR0048,Telangana,Banjara Hills,Hyderabad,1,2609,5,2479,Amazon Pay,Delivered,2024-01-06,
AMZ000269,2024-07-11 09:29,9-10,Van Heusen Formal Shirt,Clothing,SLR0113,Punjab,Madhapur,Hyderabad,1,1829,15,1555,Debit Card,Delivered,2024-07-12,
AMZ000270,2024-12-23 07:05,7-8,Mamaearth Shampoo,Beauty,SLR0046,Delhi,Borivali,Mumbai,1,939,40,563,Debit Card,Pending,,
AMZ000271,2024-03-06 11:20,11-12,Bata Formal Shoes,Footwear,SLR0096,Telangana,Kothrud,Pune,1,1719,5,1633,UPI,Delivered,2024-03-09,
AMZ000272,2024-12-21 20:14,20-21,Pigeon Pressure Cooker,Kitchen,SLR0176,Tamil Nadu,Madhapur,Hyderabad,1,1619,5,1538,Net Banking,Delivered,2024-12-22,
AMZ000273,2024-10-04 19:43,19-20,Classmate Notebooks Pack,Stationery,SLR0109,Rajasthan,Velachery,Chennai,1,229,30,160,Credit Card,Delivered,2024-10-08,
AMZ000274,2024-11-18 21:03,21-22,Fire TV Stick,Electronics,SLR0163,Gujarat,Banjara Hills,Hyderabad,2,2669,15,4538,Cash on Delivery,Delivered,2024-11-23,
AMZ000275,2024-07-16 19:09,19-20,Echo Dot,Electronics,SLR0095,Maharashtra,Kothrud,Pune,1,669,15,569,Credit Card,Delivered,2024-07-20,
AMZ000276,2024-10-28 22:50,22-23,Samsung Galaxy Buds,Electronics,SLR0155,Maharashtra,Velachery,Chennai,1,3189,50,1594,Debit Card,Delivered,2024-10-30,
AMZ000277,2024-04-23 08:33,8-9,Philips Hair Dryer,Home Appliances,SLR0199,West Bengal,Wakad,Pune,3,3299,40,5937,Debit Card,Returned,,
AMZ000278,2024-01-05 21:12,21-22,Classmate Notebooks Pack,Stationery,SLR0058,Punjab,Banjara Hills,Hyderabad,1,489,40,293,UPI,Delivered,2024-01-10,
AMZ000279,2024-04-14 13:31,13-14,Bata Formal Shoes,Footwear,SLR0037,Telangana,Bandra,Mumbai,3,2069,40,3723,UPI,Returned,,
AMZ000280,2024-03-10 08:56,8-9,Fire TV Stick,Electronics,SLR0101,Punjab,Anna Nagar,Chennai,1,2819,5,2678,UPI,Cancelled,,
AMZ000281,2024-04-22 20:23,20-21,Wildcraft Backpack,Bags,SLR0158,West Bengal,Koramangala,Bengaluru,1,899,20,719,Debit Card,Returned,,
AMZ000282,2024-09-02 11:33,11-12,Fire TV Stick,Electronics,SLR0096,Tamil Nadu,Rohini,Delhi,2,1499,15,2548,Net Banking,Delivered,2024-09-06,
AMZ000283,2024-06-19 12:02,12-13,Bata Formal Shoes,Footwear,SLR0164,Maharashtra,HSR Layout,Bengaluru,1,2389,25,1792,UPI,Delivered,2024-06-22,
AMZ000284,2024-02-23 16:28,16-17,Realme Smart Watch,Electronics,SLR0146,Uttar Pradesh,Connaught Place,Delhi,1,2559,30,1791,Debit Card,Delivered,2024-02-27,
AMZ000285,2024-10-09 10:56,10-11,Van Heusen Formal Shirt,Clothing,SLR0079,Telangana,Indiranagar,Bengaluru,3,1459,20,3501,Net Banking,Delivered,2024-10-14,
AMZ000286,2024-11-18 11:14,11-12,American Tourister Trolley,Bags,SLR0025,Tamil Nadu,Lajpat Nagar,Delhi,1,2389,25,1792,Debit Card,Delivered,2024-11-20,
AMZ000287,2024-02-26 06:10,6-7,Echo Dot,Electronics,SLR0150,Punjab,Salt Lake,Kolkata,1,2729,15,2320,UPI,Delivered,2024-02-29,
AMZ000288,2024-10-23 15:13,15-16,Echo Dot,Electronics,SLR0051,Delhi,Howrah,Kolkata,1,839,20,671,Credit Card,Delivered,2024-10-28,
AMZ000289,2024-09-27 07:46,7-8,Mamaearth Shampoo,Beauty,SLR0089,Rajasthan,Adyar,Chennai,2,609,30,852,Debit Card,Delivered,2024-10-01,
AMZ000290,2024-06-07 08:25,8-9,Lakme Face Cream,Beauty,SLR0033,West Bengal,Lajpat Nagar,Delhi,1,559,10,503,Debit Card,Delivered,2024-06-09,
AMZ000291,2024-08-29 22:39,22-23,Prestige Mixer Grinder,Home Appliances,SLR0048,West Bengal,Indiranagar,Bengaluru,1,819,40,491,UPI,Delivered,2024-08-31,
AMZ000292,2024-05-14 13:21,13-14,Echo Dot,Electronics,SLR0182,Rajasthan,Anna Nagar,Chennai,1,639,15,543,Amazon Pay,Returned,,
AMZ000293,2024-09-30 12:10,12-13,Echo Dot,Electronics,SLR0195,Karnataka,T Nagar,Chennai,2,4119,50,4120,Amazon Pay,Delivered,2024-10-01,
AMZ000294,2024-11-11 21:25,21-22,Milton Water Bottle,Kitchen,SLR0120,Karnataka,Lajpat Nagar,Delhi,1,849,20,679,Debit Card,Pending,,
AMZ000295,2024-10-26 20:34,20-21,Wildcraft Backpack,Bags,SLR0118,Punjab,Madhapur,Hyderabad,1,779,10,701,UPI,Delivered,2024-10-31,
AMZ000296,2024-04-19 22:13,22-23,Mamaearth Shampoo,Beauty,SLR0126,Delhi,Thane,Mumbai,2,619,40,742,UPI,Pending,,
AMZ000297,2024-06-10 21:10,21-22,Bata Formal Shoes,Footwear,SLR0121,West Bengal,Lajpat Nagar,Delhi,1,1239,20,991,UPI,Delivered,2024-06-12,
AMZ000298,2024-03-03 19:01,19-20,Mamaearth Shampoo,Beauty,SLR0167,Tamil Nadu,Thane,Mumbai,1,569,50,284,Amazon Pay,Returned,,
AMZ000299,2024-05-18 16:51,16-17,Bata Formal Shoes,Footwear,SLR0048,Telangana,Whitefield,Bengaluru,1,2989,30,2092,Credit Card,Delivered,2024-05-19,
AMZ000300,2024-11-05 10:25,10-11,Fire TV Stick,Electronics,SLR0127,Karnataka,T Nagar,Chennai,1,4069,15,3459,Cash on Delivery,Delivered,2024-11-10,
AMZ000301,2024-01-22 12:36,12-13,Milton Water Bottle,Kitchen,SLR0117,Karnataka,Rohini,Delhi,1,1099,15,934,Amazon Pay,Delivered,2024-01-26,
AMZ000302,2024-08-27 06:11,6-7,American Tourister Trolley,Bags,SLR0172,Tamil Nadu,Gachibowli,Hyderabad,1,3849,20,3079,Debit Card,Delivered,2024-08-29,
AMZ000303,2024-05-16 18:58,18-19,Wildcraft Backpack,Bags,SLR0173,Uttar Pradesh,Rohini,Delhi,1,1199,25,899,Credit Card,Cancelled,,
AMZ000304,2024-05-11 20:55,20-21,boAt Rockerz 255,Electronics,SLR0094,Punjab,Hitech City,Hyderabad,1,4309,15,3663,Credit Card,Delivered,2024-05-15,
AMZ000305,2024-05-13 14:58,14-15,Echo Dot,Electronics,SLR0034,Punjab,Banjara Hills,Hyderabad,1,2349,15,1997,UPI,Delivered,2024-05-16,
AMZ000306,2024-06-05 23:20,23-24,Pigeon Pressure Cooker,Kitchen,SLR0112,Gujarat,Koramangala,Bengaluru,1,1569,10,1412,Cash on Delivery,Delivered,2024-06-10,
AMZ000307,2024-06-05 17:40,17-18,boAt Rockerz 255,Electronics,SLR0091,Tamil Nadu,Howrah,Kolkata,2,2199,15,3738,Cash on Delivery,Returned,,
AMZ000308,2024-07-21 10:30,10-11,Bata Formal Shoes,Footwear,SLR0163,West Bengal,Andheri,Mumbai,1,1229,25,922,UPI,Delivered,2024-07-23,
AMZ000309,2024-01-09 06:48,6-7,Levi's T-Shirt,Clothing,SLR0192,Uttar Pradesh,Hinjewadi,Pune,1,1029,10,926,Credit Card,Pending,,
AMZ000310,2024-11-09 09:41,9-10,Samsung Galaxy Buds,Electronics,SLR0189,Tamil Nadu,Koramangala,Bengaluru,1,3639,15,3093,UPI,Delivered,2024-11-11,
AMZ000311,2024-09-12 12:24,12-13,Bata Formal Shoes,Footwear,SLR0099,Gujarat,Madhapur,Hyderabad,1,1699,25,1274,Credit Card,Returned,,
AMZ000312,2024-08-28 22:14,22-23,Levi's T-Shirt,Clothing,SLR0014,West Bengal,Saket,Delhi,3,1799,10,4857,Credit Card,Pending,,
AMZ000313,2024-12-04 08:28,8-9,Bata Formal Shoes,Footwear,SLR0189,West Bengal,Banjara Hills,Hyderabad,1,2539,20,2031,Amazon Pay,Delivered,2024-12-09,
AMZ000314,2024-12-12 15:30,15-16,Lakme Face Cream,Beauty,SLR0012,Punjab,Salt Lake,Kolkata,1,409,40,245,Net Banking,Delivered,2024-12-16,
AMZ000315,2024-02-12 09:03,9-10,American Tourister Trolley,Bags,SLR0173,Rajasthan,Hitech City,Hyderabad,3,2679,30,5625,UPI,Returned,,
AMZ000316,2024-08-06 18:08,18-19,Pigeon Pressure Cooker,Kitchen,SLR0057,Tamil Nadu,T Nagar,Chennai,1,1899,10,1709,Amazon Pay,Cancelled,,
AMZ000317,2024-07-18 13:31,13-14,Philips Hair Dryer,Home Appliances,SLR0062,Karnataka,Borivali,Mumbai,2,1829,5,3476,Cash on Delivery,Delivered,2024-07-21,
AMZ000318,2024-07-31 03:46,3-4,Mamaearth Shampoo,Beauty,SLR0065,Rajasthan,Adyar,Chennai,1,329,5,313,Cash on Delivery,Delivered,2024-08-04,
AMZ000319,2024-11-10 23:57,23-24,JBL Flip Speaker,Electronics,SLR0077,Rajasthan,Dwarka,Delhi,3,2419,25,5442,Debit Card,Delivered,2024-11-14,
AMZ000320,2024-02-01 14:29,14-15,Philips Hair Dryer,Home Appliances,SLR0107,Tamil Nadu,Dwarka,Delhi,2,1579,10,2842,Debit Card,Delivered,2024-02-03,
AMZ000321,2024-07-24 20:44,20-21,Casio Calculator,Stationery,SLR0118,Maharashtra,Adyar,Chennai,2,289,50,288,Net Banking,Delivered,2024-07-27,
AMZ000322,2024-12-24 17:50,17-18,American Tourister Trolley,Bags,SLR0192,Telangana,Indiranagar,Bengaluru,1,2719,15,2311,Debit Card,Cancelled,,
AMZ000323,2024-08-07 17:53,17-18,Bata Formal Shoes,Footwear,SLR0025,Gujarat,Madhapur,Hyderabad,1,1759,20,1407,UPI,Delivered,2024-08-08,
AMZ000324,2024-08-20 11:42,11-12,Lakme Face Cream,Beauty,SLR0180,Karnataka,Bandra,Mumbai,1,759,5,721,UPI,Delivered,2024-08-23,
AMZ000325,2024-07-23 20:38,20-21,Mamaearth Shampoo,Beauty,SLR0088,Tamil Nadu,HSR Layout,Bengaluru,2,329,25,494,Debit Card,Returned,,
AMZ000326,2024-07-02 13:30,13-14,Philips Hair Dryer,Home Appliances,SLR0192,Punjab,Rohini,Delhi,1,1379,5,1310,Amazon Pay,Delivered,2024-07-04,
AMZ000327,2024-03-27 10:28,10-11,Fire TV Stick,Electronics,SLR0149,West Bengal,Dadar,Mumbai,2,4459,25,6688,UPI,Delivered,2024-03-30,
AMZ000328,2024-03-31 22:45,22-23,Bata Formal Shoes,Footwear,SLR0086,Gujarat,Whitefield,Bengaluru,2,2009,5,3818,UPI,Delivered,2024-04-01,
AMZ000329,2024-01-13 18:19,18-19,Classmate Notebooks Pack,Stationery,SLR0040,West Bengal,Howrah,Kolkata,1,489,10,440,Cash on Delivery,Delivered,2024-01-17,
AMZ000330,2024-01-02 22:17,22-23,Echo Dot,Electronics,SLR0130,Punjab,Howrah,Kolkata,1,2759,5,2621,UPI,Delivered,2024-01-03,
AMZ000331,2024-01-23 13:23,13-14,Echo Dot,Electronics,SLR0111,Karnataka,Viman Nagar,Pune,2,4329,5,8226,UPI,Delivered,2024-01-27,
AMZ000332,2024-02-07 21:14,21-22,Realme Smart Watch,Electronics,SLR0177,Delhi,Kothrud,Pune,1,2899,25,2174,Credit Card,Returned,,
AMZ000333,2024-05-25 23:32,23-24,Pigeon Pressure Cooker,Kitchen,SLR0091,Tamil Nadu,T Nagar,Chennai,1,619,50,310,Credit Card,Delivered,2024-05-27,
AMZ000334,2024-09-11 21:57,21-22,boAt Rockerz 255,Electronics,SLR0122,Gujarat,Koramangala,Bengaluru,1,3619,40,2171,Debit Card,Delivered,2024-09-16,
AMZ000335,2024-06-20 21:48,21-22,Van Heusen Formal Shirt,Clothing,SLR0151,West Bengal,HSR Layout,Bengaluru,1,779,25,584,Credit Card,Returned,,
AMZ000336,2024-08-30 22:36,22-23,JBL Flip Speaker,Electronics,SLR0036,Delhi,Whitefield,Bengaluru,1,3719,15,3161,Credit Card,Returned,,
AMZ000337,2024-10-03 12:36,12-13,Echo Dot,Electronics,SLR0105,Telangana,Viman Nagar,Pune,1,3939,10,3545,UPI,Delivered,2024-10-06,
AMZ000338,2024-07-19 19:23,19-20,Prestige Mixer Grinder,Home Appliances,SLR0164,Gujarat,Salt Lake,Kolkata,1,2869,25,2152,UPI,Delivered,2024-07-22,
AMZ000339,2024-10-02 21:15,21-22,Classmate Notebooks Pack,Stationery,SLR0040,Maharashtra,Howrah,Kolkata,1,109,30,76,Net Banking,Delivered,2024-10-07,
AMZ000340,2024-04-21 20:40,20-21,Mamaearth Shampoo,Beauty,SLR0156,Rajasthan,Indiranagar,Bengaluru,1,839,5,797,Credit Card,Delivered,2024-04-23,
AMZ000341,2024-06-18 20:35,20-21,Pigeon Pressure Cooker,Kitchen,SLR0065,Tamil Nadu,Anna Nagar,Chennai,1,599,20,479,Amazon Pay,Delivered,2024-06-23,
AMZ000342,2024-04-17 20:10,20-21,Mamaearth Shampoo,Beauty,SLR0013,Delhi,Anna Nagar,Chennai,1,789,30,552,Debit Card,Delivered,2024-04-21,
AMZ000343,2024-11-19 22:37,22-23,Casio Calculator,Stationery,SLR0011,Punjab,Banjara Hills,Hyderabad,1,229,5,218,Cash on Delivery,Delivered,2024-11-22,
AMZ000344,2024-05-03 17:05,17-18,Lakme Face Cream,Beauty,SLR0078,West Bengal,Kothrud,Pune,3,949,20,2277,Credit Card,Delivered,2024-05-08,
AMZ000345,2024-10-10 21:59,21-22,Prestige Mixer Grinder,Home Appliances,SLR0173,West Bengal,Dwarka,Delhi,1,3859,40,2315,Debit Card,Delivered,2024-10-14,
AMZ000346,2024-09-01 12:48,12-13,Casio Calculator,Stationery,SLR0045,Gujarat,Kothrud,Pune,1,379,25,284,Net Banking,Cancelled,,
AMZ000347,2024-08-02 14:16,14-15,Van Heusen Formal Shirt,Clothing,SLR0160,Karnataka,Koramangala,Bengaluru,1,1359,30,951,Amazon Pay,Delivered,2024-08-03,
AMZ000348,2024-03-21 21:30,21-22,Puma Running Shoes,Footwear,SLR0174,Karnataka,Connaught Place,Delhi,1,709,10,638,UPI,Delivered,2024-03-23,
AMZ000349,2024-03-12 17:03,17-18,Puma Running Shoes,Footwear,SLR0132,Punjab,Connaught Place,Delhi,1,1419,20,1135,Debit Card,Cancelled,,
AMZ000350,2024-08-11 23:37,23-24,boAt Rockerz 255,Electronics,SLR0019,Tamil Nadu,Saket,Delhi,1,1149,40,689,Debit Card,Delivered,2024-08-14,
AMZ000351,2024-07-19 19:26,19-20,Wildcraft Backpack,Bags,SLR0081,Uttar Pradesh,Connaught Place,Delhi,1,2359,10,2123,Cash on Delivery,Delivered,2024-07-22,
AMZ000352,2024-02-11 20:08,20-21,Lakme Face Cream,Beauty,SLR0112,Karnataka,Indiranagar,Bengaluru,1,309,5,294,Credit Card,Delivered,2024-02-16,
AMZ000353,2024-06-01 14:23,14-15,Realme Smart Watch,Electronics,SLR0039,West Bengal,T Nagar,Chennai,2,729,25,1094,Credit Card,Delivered,2024-06-05,
AMZ000354,2024-05-03 20:27,20-21,Pigeon Pressure Cooker,Kitchen,SLR0039,Gujarat,Madhapur,Hyderabad,1,419,5,398,Cash on Delivery,Delivered,2024-05-05,
AMZ000355,2024-08-01 21:26,21-22,Levi's T-Shirt,Clothing,SLR0034,Telangana,Wakad,Pune,2,1999,50,2000,Cash on Delivery,Cancelled,,
AMZ000356,2024-10-05 21:23,21-22,Classmate Notebooks Pack,Stationery,SLR0113,Delhi,Salt Lake,Kolkata,2,349,5,664,Credit Card,Delivered,2024-10-07,
AMZ000357,2024-10-30 14:13,14-15,Samsung Galaxy Buds,Electronics,SLR0019,Rajasthan,HSR Layout,Bengaluru,2,939,25,1408,Cash on Delivery,Delivered,2024-11-04,
AMZ000358,2024-04-30 19:48,19-20,Casio Calculator,Stationery,SLR0136,Uttar Pradesh,Madhapur,Hyderabad,1,419,15,356,Debit Card,Delivered,2024-05-04,
AMZ000359,2024-10-25 20:18,20-21,boAt Rockerz 255,Electronics,SLR0092,Rajasthan,Dadar,Mumbai,2,4789,25,7184,Cash on Delivery,Delivered,2024-10-28,
AMZ000360,2024-08-03 19:53,19-20,Lakme Face Cream,Beauty,SLR0150,West Bengal,Hitech City,Hyderabad,1,889,10,800,Debit Card,Delivered,2024-08-05,
AMZ000361,2024-03-25 07:27,7-8,Lakme Face Cream,Beauty,SLR0185,Telangana,Madhapur,Hyderabad,1,579,5,550,Credit Card,Delivered,2024-03-30,
AMZ000362,2024-04-07 09:27,9-10,American Tourister Trolley,Bags,SLR0088,Telangana,Viman Nagar,Pune,1,1169,10,1052,UPI,Returned,,
AMZ000363,2024-04-19 10:40,10-11,Pigeon Pressure Cooker,Kitchen,SLR0073,Tamil Nadu,T Nagar,Chennai,1,1849,50,924,UPI,Delivered,2024-04-22,
AMZ000364,2024-08-22 19:23,19-20,Van Heusen Formal Shirt,Clothing,SLR0073,Uttar Pradesh,Thane,Mumbai,1,989,20,791,Credit Card,Pending,,
AMZ000365,2024-01-16 17:49,17-18,Wildcraft Backpack,Bags,SLR0021,Uttar Pradesh,HSR Layout,Bengaluru,3,2199,10,5937,Credit Card,Delivered,2024-01-18,
AMZ000366,2024-04-11 16:30,16-17,Samsung Galaxy Buds,Electronics,SLR0048,Punjab,Bandra,Mumbai,3,4739,15,12084,Credit Card,Delivered,2024-04-14,
AMZ000367,2024-01-04 16:16,16-17,Mamaearth Shampoo,Beauty,SLR0002,Telangana,Park Street,Kolkata,1,529,5,503,Net Banking,Delivered,2024-01-05,
AMZ000368,2024-02-01 20:33,20-21,Milton Water Bottle,Kitchen,SLR0185,Delhi,Adyar,Chennai,1,1379,10,1241,UPI,Cancelled,,
AMZ000369,2024-09-01 18:17,18-19,boAt Rockerz 255,Electronics,SLR0187,Gujarat,Dadar,Mumbai,1,2489,20,1991,Debit Card,Delivered,2024-09-02,
AMZ000370,2024-06-03 21:54,21-22,American Tourister Trolley,Bags,SLR0147,Uttar Pradesh,Dadar,Mumbai,1,1189,5,1130,Amazon Pay,Delivered,2024-06-05,
AMZ000371,2024-10-21 11:02,11-12,Philips Hair Dryer,Home Appliances,SLR0022,Maharashtra,Gachibowli,Hyderabad,1,1289,10,1160,Debit Card,Delivered,2024-10-26,
AMZ000372,2024-08-24 18:21,18-19,Levi's T-Shirt,Clothing,SLR0185,Tamil Nadu,Wakad,Pune,1,1309,10,1178,Debit Card,Delivered,2024-08-27,
AMZ000373,2024-02-27 14:08,14-15,Wildcraft Backpack,Bags,SLR0136,Uttar Pradesh,Gachibowli,Hyderabad,3,2879,20,6909,Debit Card,Delivered,2024-02-28,
AMZ000374,2024-06-03 22:57,22-23,Mamaearth Shampoo,Beauty,SLR0035,Maharashtra,Lajpat Nagar,Delhi,2,329,25,494,Credit Card,Delivered,2024-06-06,
AMZ000375,2024-09-09 13:07,13-14,Pigeon Pressure Cooker,Kitchen,SLR0051,Rajasthan,Anna Nagar,Chennai,2,1629,15,2770,UPI,Delivered,2024-09-10,
AMZ000376,2024-12-06 19:31,19-20,Bata Formal Shoes,Footwear,SLR0190,Uttar Pradesh,Howrah,Kolkata,1,2339,40,1403,Debit Card,Delivered,2024-12-09,
AMZ000377,2024-08-12 22:31,22-23,Bata Formal Shoes,Footwear,SLR0125,Karnataka,Saket,Delhi,2,1659,15,2820,Credit Card,Cancelled,,
AMZ000378,2024-12-22 17:34,17-18,Levi's T-Shirt,Clothing,SLR0001,Telangana,Indiranagar,Bengaluru,1,1449,20,1159,Credit Card,Delivered,2024-12-24,
AMZ000379,2024-07-27 20:57,20-21,boAt Rockerz 255,Electronics,SLR0107,Uttar Pradesh,Salt Lake,Kolkata,2,1269,25,1904,UPI,Delivered,2024-08-01,
AMZ000380,2024-04-06 20:36,20-21,Echo Dot,Electronics,SLR0079,Punjab,T Nagar,Chennai,1,3689,30,2582,Net Banking,Delivered,2024-04-07,
AMZ000381,2024-06-14 19:35,19-20,boAt Rockerz 255,Electronics,SLR0028,Rajasthan,Whitefield,Bengaluru,1,849,5,807,Amazon Pay,Delivered,2024-06-15,
AMZ000382,2024-06-19 06:10,6-7,JBL Flip Speaker,Electronics,SLR0056,Maharashtra,Anna Nagar,Chennai,1,3229,10,2906,Debit Card,Delivered,2024-06-21,
AMZ000383,2024-02-15 11:40,11-12,Van Heusen Formal Shirt,Clothing,SLR0057,Karnataka,Lajpat Nagar,Delhi,1,679,10,611,Credit Card,Cancelled,,
AMZ000384,2024-01-11 07:53,7-8,Echo Dot,Electronics,SLR0014,Delhi,Saket,Delhi,1,2769,5,2631,Cash on Delivery,Delivered,2024-01-15,
AMZ000385,2024-09-16 10:49,10-11,Echo Dot,Electronics,SLR0125,Delhi,Gachibowli,Hyderabad,1,4219,50,2110,Net Banking,Delivered,2024-09-19,
AMZ000386,2024-01-03 11:51,11-12,Levi's T-Shirt,Clothing,SLR0181,Tamil Nadu,Connaught Place,Delhi,1,1009,10,908,UPI,Delivered,2024-01-06,
AMZ000387,2024-09-12 07:46,7-8,Pigeon Pressure Cooker,Kitchen,SLR0171,Rajasthan,Hitech City,Hyderabad,1,1439,25,1079,Amazon Pay,Delivered,2024-09-15,
AMZ000388,2024-11-18 13:56,13-14,Casio Calculator,Stationery,SLR0092,Maharashtra,Howrah,Kolkata,1,249,20,199,UPI,Returned,,
AMZ000389,2024-02-05 21:26,21-22,Lakme Face Cream,Beauty,SLR0081,Rajasthan,Gachibowli,Hyderabad,3,259,40,465,Credit Card,Cancelled,,
AMZ000390,2024-04-19 08:06,8-9,Classmate Notebooks Pack,Stationery,SLR0183,West Bengal,Viman Nagar,Pune,1,269,25,202,UPI,Delivered,2024-04-20,
AMZ000391,2024-05-04 16:59,16-17,Samsung Galaxy Buds,Electronics,SLR0051,Tamil Nadu,Whitefield,Bengaluru,1,569,40,341,Credit Card,Cancelled,,
AMZ000392,2024-12-19 20:53,20-21,Bata Formal Shoes,Footwear,SLR0041,Uttar Pradesh,Bandra,Mumbai,2,1389,30,1944,Debit Card,Delivered,2024-12-23,
AMZ000393,2024-09-12 17:18,17-18,Samsung Galaxy Buds,Electronics,SLR0165,Maharashtra,Indiranagar,Bengaluru,1,1859,15,1580,Credit Card,Delivered,2024-09-17,
AMZ000394,2024-11-11 12:16,12-13,JBL Flip Speaker,Electronics,SLR0190,Maharashtra,Howrah,Kolkata,1,2919,25,2189,Cash on Delivery,Pending,,
AMZ000395,2024-12-17 17:44,17-18,Philips Hair Dryer,Home Appliances,SLR0125,Gujarat,Madhapur,Hyderabad,1,3549,30,2484,Debit Card,Returned,,
AMZ000396,2024-08-10 09:52,9-10,JBL Flip Speaker,Electronics,SLR0148,Tamil Nadu,Indiranagar,Bengaluru,3,1219,25,2742,Debit Card,Delivered,2024-08-15,
AMZ000397,2024-02-21 16:34,16-17,Puma Running Shoes,Footwear,SLR0146,Telangana,Jadavpur,Kolkata,1,2329,40,1397,Debit Card,Delivered,2024-02-22,
AMZ000398,2024-04-30 12:05,12-13,JBL Flip Speaker,Electronics,SLR0071,Punjab,Howrah,Kolkata,1,1949,20,1559,Amazon Pay,Delivered,2024-05-03,
AMZ000399,2024-12-18 08:58,8-9,Fire TV Stick,Electronics,SLR0113,Gujarat,Thane,Mumbai,3,2049,25,4611,UPI,Returned,,
AMZ000400,2024-05-17 18:24,18-19,Samsung Galaxy Buds,Electronics,SLR0154,Telangana,Banjara Hills,Hyderabad,1,3249,50,1624,UPI,Delivered,2024-05-22,
AMZ000401,2024-05-17 19:47,19-20,Van Heusen Formal Shirt,Clothing,SLR0125,Tamil Nadu,Jadavpur,Kolkata,1,669,40,401,UPI,Delivered,2024-05-19,
AMZ000402,2024-10-05 16:03,16-17,Lakme Face Cream,Beauty,SLR0146,Punjab,Anna Nagar,Chennai,1,649,30,454,Credit Card,Delivered,2024-10-08,
AMZ000403,2024-03-05 12:11,12-13,Pigeon Pressure Cooker,Kitchen,SLR0075,Rajasthan,Whitefield,Bengaluru,1,739,50,370,Net Banking,Pending,,
AMZ000404,2024-10-01 23:21,23-24,Fire TV Stick,Electronics,SLR0125,Gujarat,Viman Nagar,Pune,1,709,20,567,Debit Card,Delivered,2024-10-03,
AMZ000405,2024-02-06 20:13,20-21,Echo Dot,Electronics,SLR0044,Gujarat,Koramangala,Bengaluru,1,1479,20,1183,Credit Card,Delivered,2024-02-07,
AMZ000406,2024-12-24 20:41,20-21,Casio Calculator,Stationery,SLR0012,Uttar Pradesh,Park Street,Kolkata,3,329,30,690,Net Banking,Delivered,2024-12-29,
AMZ000407,2024-11-30 21:26,21-22,Echo Dot,Electronics,SLR0013,Tamil Nadu,Hinjewadi,Pune,1,3619,40,2171,Credit Card,Delivered,2024-12-01,
AMZ000408,2024-02-06 10:13,10-11,Prestige Mixer Grinder,Home Appliances,SLR0027,Karnataka,Madhapur,Hyderabad,1,2769,20,2215,UPI,Returned,,
AMZ000409,2024-09-22 21:27,21-22,Mamaearth Shampoo,Beauty,SLR0068,Uttar Pradesh,Hitech City,Hyderabad,1,669,10,602,Cash on Delivery,Delivered,2024-09-26,
AMZ000410,2024-05-10 00:43,0-1,Wildcraft Backpack,Bags,SLR0071,Telangana,Borivali,Mumbai,1,2719,5,2583,Net Banking,Delivered,2024-05-15,
AMZ000411,2024-12-12 16:00,16-17,Wildcraft Backpack,Bags,SLR0167,Tamil Nadu,Howrah,Kolkata,1,3499,20,2799,Credit Card,Delivered,2024-12-16,
AMZ000412,2024-10-18 21:22,21-22,Levi's T-Shirt,Clothing,SLR0127,Tamil Nadu,Dadar,Mumbai,1,1999,15,1699,Credit Card,Delivered,2024-10-23,
AMZ000413,2024-10-11 17:22,17-18,Prestige Mixer Grinder,Home Appliances,SLR0056,Rajasthan,Indiranagar,Bengaluru,1,3149,40,1889,Cash on Delivery,Delivered,2024-10-13,
AMZ000414,2024-12-10 09:09,9-10,American Tourister Trolley,Bags,SLR0141,Punjab,Andheri,Mumbai,1,2719,50,1360,Net Banking,Delivered,2024-12-13,
AMZ000415,2024-03-08 11:24,11-12,Samsung Galaxy Buds,Electronics,SLR0163,Delhi,Gachibowli,Hyderabad,1,2759,50,1380,Cash on Delivery,Delivered,2024-03-11,
AMZ000416,2024-02-14 23:48,23-24,American Tourister Trolley,Bags,SLR0177,Uttar Pradesh,Andheri,Mumbai,1,2019,50,1010,UPI,Delivered,2024-02-19,
AMZ000417,2024-10-21 18:02,18-19,Levi's T-Shirt,Clothing,SLR0135,Delhi,Dadar,Mumbai,1,1049,20,839,Cash on Delivery,Delivered,2024-10-26,
AMZ000418,2024-07-24 10:23,10-11,Van Heusen Formal Shirt,Clothing,SLR0189,Gujarat,Connaught Place,Delhi,1,1039,5,987,UPI,Delivered,2024-07-29,
AMZ000419,2024-03-22 11:39,11-12,Pigeon Pressure Cooker,Kitchen,SLR0060,Telangana,Bandra,Mumbai,1,1679,20,1343,Net Banking,Cancelled,,
AMZ000420,2024-04-19 18:39,18-19,Samsung Galaxy Buds,Electronics,SLR0172,Punjab,Dadar,Mumbai,1,4419,50,2210,Cash on Delivery,Delivered,2024-04-23,
AMZ000421,2024-10-29 21:53,21-22,Van Heusen Formal Shirt,Clothing,SLR0062,Karnataka,Kothrud,Pune,1,1299,20,1039,Debit Card,Delivered,2024-11-03,
AMZ000422,2024-02-05 21:35,21-22,Lakme Face Cream,Beauty,SLR0102,Punjab,Rohini,Delhi,3,519,15,1323,UPI,Delivered,2024-02-08,
AMZ000423,2024-11-12 20:46,20-21,Milton Water Bottle,Kitchen,SLR0033,Rajasthan,Wakad,Pune,2,1889,30,2644,Credit Card,Delivered,2024-11-15,
AMZ000424,2024-04-02 22:07,22-23,American Tourister Trolley,Bags,SLR0095,Uttar Pradesh,Bandra,Mumbai,3,1809,25,4071,Cash on Delivery,Delivered,2024-04-07,
AMZ000425,2024-07-04 12:16,12-13,Prestige Mixer Grinder,Home Appliances,SLR0197,Maharashtra,Saket,Delhi,1,2849,15,2422,Net Banking,Delivered,2024-07-06,
AMZ000426,2024-12-19 14:54,14-15,Samsung Galaxy Buds,Electronics,SLR0047,Uttar Pradesh,Howrah,Kolkata,1,4219,30,2953,Credit Card,Delivered,2024-12-22,
AMZ000427,2024-04-07 12:18,12-13,Samsung Galaxy Buds,Electronics,SLR0027,Uttar Pradesh,Viman Nagar,Pune,3,4619,50,6930,UPI,Returned,,
AMZ000428,2024-01-29 11:06,11-12,Casio Calculator,Stationery,SLR0120,Tamil Nadu,Viman Nagar,Pune,2,329,25,494,Cash on Delivery,Delivered,2024-01-31,
AMZ000429,2024-10-27 23:12,23-24,Puma Running Shoes,Footwear,SLR0022,Telangana,Hinjewadi,Pune,1,989,20,791,Credit Card,Delivered,2024-10-29,
AMZ000430,2024-01-08 23:28,23-24,American Tourister Trolley,Bags,SLR0165,Karnataka,Viman Nagar,Pune,1,2799,30,1959,Debit Card,Cancelled,,
AMZ000431,2024-11-05 17:07,17-18,Casio Calculator,Stationery,SLR0090,Tamil Nadu,Jadavpur,Kolkata,3,119,25,267,Debit Card,Delivered,2024-11-08,
AMZ000432,2024-08-11 12:13,12-13,Fire TV Stick,Electronics,SLR0077,Punjab,Salt Lake,Kolkata,1,1159,20,927,Cash on Delivery,Delivered,2024-08-15,
AMZ000433,2024-10-20 21:12,21-22,American Tourister Trolley,Bags,SLR0190,Telangana,Kothrud,Pune,2,3089,40,3706,UPI,Delivered,2024-10-22,
AMZ000434,2024-05-12 10:23,10-11,Prestige Mixer Grinder,Home Appliances,SLR0020,West Bengal,Wakad,Pune,1,1159,15,985,Net Banking,Delivered,2024-05-14,
AMZ000435,2024-09-04 19:13,19-20,Samsung Galaxy Buds,Electronics,SLR0048,West Bengal,Thane,Mumbai,1,1839,15,1563,Credit Card,Delivered,2024-09-08,
AMZ000436,2024-09-23 10:43,10-11,Pigeon Pressure Cooker,Kitchen,SLR0166,Rajasthan,Gachibowli,Hyderabad,1,1669,40,1001,UPI,Cancelled,,
AMZ000437,2024-11-27 15:09,15-16,Levi's T-Shirt,Clothing,SLR0114,Punjab,T Nagar,Chennai,1,469,30,328,UPI,Delivered,2024-11-29,
AMZ000438,2024-07-31 21:41,21-22,American Tourister Trolley,Bags,SLR0018,Delhi,Madhapur,Hyderabad,1,3119,25,2339,UPI,Cancelled,,
AMZ000439,2024-10-28 13:00,13-14,Milton Water Bottle,Kitchen,SLR0023,Gujarat,Hinjewadi,Pune,1,1439,15,1223,Debit Card,Delivered,2024-10-31,
AMZ000440,2024-09-18 21:00,21-22,boAt Rockerz 255,Electronics,SLR0179,Maharashtra,T Nagar,Chennai,1,5009,5,4759,UPI,Delivered,2024-09-21,
AMZ000441,2024-03-01 10:19,10-11,Lakme Face Cream,Beauty,SLR0096,Rajasthan,Whitefield,Bengaluru,1,689,30,482,Amazon Pay,Delivered,2024-03-03,
AMZ000442,2024-02-27 14:33,14-15,Lakme Face Cream,Beauty,SLR0019,Telangana,Koramangala,Bengaluru,2,359,10,646,UPI,Delivered,2024-03-01,
AMZ000443,2024-07-20 12:54,12-13,Levi's T-Shirt,Clothing,SLR0068,Maharashtra,Dwarka,Delhi,1,1289,50,644,Credit Card,Delivered,2024-07-22,
AMZ000444,2024-04-24 21:44,21-22,Casio Calculator,Stationery,SLR0016,Gujarat,Jadavpur,Kolkata,2,339,25,508,Credit Card,Delivered,2024-04-29,
AMZ000445,2024-03-18 14:31,14-15,Echo Dot,Electronics,SLR0176,Rajasthan,Velachery,Chennai,1,4959,40,2975,UPI,Cancelled,,
AMZ000446,2024-01-20 12:38,12-13,Levi's T-Shirt,Clothing,SLR0078,Rajasthan,Saket,Delhi,1,599,10,539,UPI,Delivered,2024-01-25,
AMZ000447,2024-03-12 22:21,22-23,Samsung Galaxy Buds,Electronics,SLR0160,Maharashtra,Borivali,Mumbai,2,2359,40,2830,UPI,Delivered,2024-03-14,
AMZ000448,2024-10-22 13:52,13-14,Philips Hair Dryer,Home Appliances,SLR0186,Telangana,Gachibowli,Hyderabad,1,3529,15,3000,Credit Card,Delivered,2024-10-23,
AMZ000449,2024-07-16 18:57,18-19,Mamaearth Shampoo,Beauty,SLR0089,Delhi,Park Street,Kolkata,1,839,20,671,UPI,Pending,,
AMZ000450,2024-09-01 11:14,11-12,Mamaearth Shampoo,Beauty,SLR0200,Karnataka,Velachery,Chennai,1,389,15,331,Net Banking,Delivered,2024-09-04,
AMZ000451,2024-11-20 11:29,11-12,Echo Dot,Electronics,SLR0155,Karnataka,Jadavpur,Kolkata,2,4059,50,4060,Amazon Pay,Delivered,2024-11-25,
AMZ000452,2024-03-25 22:38,22-23,Bata Formal Shoes,Footwear,SLR0109,Gujarat,Bandra,Mumbai,1,1699,10,1529,UPI,Delivered,2024-03-29,
AMZ000453,2024-06-15 21:29,21-22,boAt Rockerz 255,Electronics,SLR0038,Tamil Nadu,Park Street,Kolkata,3,3289,25,7401,Credit Card,Returned,,
AMZ000454,2024-11-20 21:26,21-22,Fire TV Stick,Electronics,SLR0113,Maharashtra,Adyar,Chennai,1,4029,15,3425,Amazon Pay,Delivered,2024-11-21,
AMZ000455,2024-05-16 20:22,20-21,Realme Smart Watch,Electronics,SLR0162,Rajasthan,Andheri,Mumbai,3,1429,20,3429,Credit Card,Delivered,2024-05-17,
AMZ000456,2024-08-02 20:25,20-21,Lakme Face Cream,Beauty,SLR0176,Tamil Nadu,Rohini,Delhi,2,299,50,300,Credit Card,Delivered,2024-08-07,
AMZ000457,2024-11-17 14:12,14-15,Mamaearth Shampoo,Beauty,SLR0027,Maharashtra,Indiranagar,Bengaluru,1,889,40,533,Credit Card,Returned,,
AMZ000458,2024-06-13 11:08,11-12,Casio Calculator,Stationery,SLR0108,West Bengal,Whitefield,Bengaluru,1,289,50,144,Credit Card,Delivered,2024-06-17,
AMZ000459,2024-04-26 21:59,21-22,boAt Rockerz 255,Electronics,SLR0001,Uttar Pradesh,Howrah,Kolkata,1,1389,15,1181,Net Banking,Delivered,2024-04-27,
AMZ000460,2024-07-25 22:31,22-23,Levi's T-Shirt,Clothing,SLR0166,West Bengal,Anna Nagar,Chennai,2,749,5,1424,UPI,Cancelled,,
AMZ000461,2024-01-09 21:27,21-22,Echo Dot,Electronics,SLR0017,Maharashtra,Howrah,Kolkata,2,4949,10,8908,Debit Card,Delivered,2024-01-14,
AMZ000462,2024-03-01 17:29,17-18,Lakme Face Cream,Beauty,SLR0200,Rajasthan,Andheri,Mumbai,2,999,15,1698,Debit Card,Delivered,2024-03-02,
AMZ000463,2024-01-18 13:16,13-14,Wildcraft Backpack,Bags,SLR0117,Gujarat,HSR Layout,Bengaluru,1,2329,40,1397,Credit Card,Pending,,
AMZ000464,2024-04-11 21:39,21-22,Wildcraft Backpack,Bags,SLR0002,Delhi,Madhapur,Hyderabad,1,3229,50,1614,UPI,Cancelled,,
AMZ000465,2024-12-23 14:37,14-15,Samsung Galaxy Buds,Electronics,SLR0100,Uttar Pradesh,Koramangala,Bengaluru,1,4999,30,3499,Debit Card,Cancelled,,
AMZ000466,2024-06-04 05:26,5-6,Lakme Face Cream,Beauty,SLR0069,Telangana,Dwarka,Delhi,1,749,40,449,Credit Card,Delivered,2024-06-05,
AMZ000467,2024-01-18 21:43,21-22,Echo Dot,Electronics,SLR0115,Rajasthan,Viman Nagar,Pune,2,2619,15,4452,UPI,Pending,,
AMZ000468,2024-07-06 14:34,14-15,JBL Flip Speaker,Electronics,SLR0198,Delhi,Velachery,Chennai,1,4889,15,4156,Credit Card,Delivered,2024-07-08,
AMZ000469,2024-07-22 13:19,13-14,Lakme Face Cream,Beauty,SLR0132,Telangana,Salt Lake,Kolkata,1,349,30,244,Credit Card,Delivered,2024-07-25,
AMZ000470,2024-03-01 21:58,21-22,Samsung Galaxy Buds,Electronics,SLR0162,West Bengal,Madhapur,Hyderabad,3,4229,20,10149,UPI,Delivered,2024-03-03,
AMZ000471,2024-03-24 07:11,7-8,Realme Smart Watch,Electronics,SLR0157,Telangana,Gachibowli,Hyderabad,3,2149,20,5157,Credit Card,Delivered,2024-03-28,
AMZ000472,2024-03-10 21:25,21-22,Bata Formal Shoes,Footwear,SLR0058,Rajasthan,Lajpat Nagar,Delhi,2,2789,20,4462,UPI,Delivered,2024-03-13,
AMZ000473,2024-11-06 19:07,19-20,Levi's T-Shirt,Clothing,SLR0171,Gujarat,Gachibowli,Hyderabad,1,519,25,389,Debit Card,Delivered,2024-11-11,
AMZ000474,2024-07-13 12:22,12-13,Wildcraft Backpack,Bags,SLR0176,Karnataka,Thane,Mumbai,1,3259,5,3096,UPI,Delivered,2024-07-14,
AMZ000475,2024-01-14 13:44,13-14,Pigeon Pressure Cooker,Kitchen,SLR0037,Telangana,Banjara Hills,Hyderabad,2,399,15,678,Net Banking,Cancelled,,
AMZ000476,2024-06-16 12:25,12-13,Pigeon Pressure Cooker,Kitchen,SLR0046,Uttar Pradesh,Wakad,Pune,1,1319,5,1253,Amazon Pay,Delivered,2024-06-18,
AMZ000477,2024-10-20 17:08,17-18,Pigeon Pressure Cooker,Kitchen,SLR0010,Telangana,Bandra,Mumbai,1,709,30,496,UPI,Delivered,2024-10-24,
AMZ000478,2024-11-04 10:13,10-11,Milton Water Bottle,Kitchen,SLR0100,Telangana,Madhapur,Hyderabad,1,1659,50,830,Net Banking,Returned,,
AMZ000479,2024-02-13 18:20,18-19,Prestige Mixer Grinder,Home Appliances,SLR0129,Gujarat,Viman Nagar,Pune,1,3999,25,2999,Cash on Delivery,Returned,,
AMZ000480,2024-09-30 11:53,11-12,Classmate Notebooks Pack,Stationery,SLR0141,Punjab,Viman Nagar,Pune,2,199,15,338,Credit Card,Delivered,2024-10-03,
AMZ000481,2024-11-20 08:27,8-9,Samsung Galaxy Buds,Electronics,SLR0013,Punjab,Lajpat Nagar,Delhi,1,1109,25,832,Credit Card,Delivered,2024-11-22,
AMZ000482,2024-10-02 13:59,13-14,Wildcraft Backpack,Bags,SLR0009,Rajasthan,HSR Layout,Bengaluru,1,3459,40,2075,Credit Card,Delivered,2024-10-05,
AMZ000483,2024-12-24 12:03,12-13,Milton Water Bottle,Kitchen,SLR0148,Tamil Nadu,Thane,Mumbai,1,1769,15,1504,UPI,Returned,,
AMZ000484,2024-04-10 14:01,14-15,Classmate Notebooks Pack,Stationery,SLR0110,Delhi,Wakad,Pune,1,249,30,174,UPI,Cancelled,,
AMZ000485,2024-01-05 09:28,9-10,Bata Formal Shoes,Footwear,SLR0110,Delhi,Adyar,Chennai,2,1619,20,2590,Cash on Delivery,Delivered,2024-01-09,
AMZ000486,2024-03-11 21:17,21-22,Echo Dot,Electronics,SLR0169,Punjab,Wakad,Pune,1,4309,25,3232,UPI,Pending,,
AMZ000487,2024-09-10 19:42,19-20,Puma Running Shoes,Footwear,SLR0199,Punjab,Hinjewadi,Pune,3,2019,5,5754,UPI,Pending,,
AMZ000488,2024-08-19 20:59,20-21,Puma Running Shoes,Footwear,SLR0058,Delhi,Bandra,Mumbai,1,2449,10,2204,Cash on Delivery,Cancelled,,
AMZ000489,2024-11-19 10:09,10-11,Classmate Notebooks Pack,Stationery,SLR0080,Punjab,T Nagar,Chennai,1,269,50,134,Amazon Pay,Delivered,2024-11-20,
AMZ000490,2024-05-27 10:16,10-11,Lakme Face Cream,Beauty,SLR0018,Karnataka,Anna Nagar,Chennai,1,969,25,727,UPI,Delivered,2024-05-29,
AMZ000491,2024-01-07 15:53,15-16,Mamaearth Shampoo,Beauty,SLR0120,Delhi,Jadavpur,Kolkata,1,309,40,185,Credit Card,Delivered,2024-01-09,
AMZ000492,2024-09-29 14:20,14-15,boAt Rockerz 255,Electronics,SLR0117,Delhi,Hitech City,Hyderabad,3,639,15,1629,Cash on Delivery,Cancelled,,
AMZ000493,2024-02-28 22:55,22-23,Puma Running Shoes,Footwear,SLR0082,Karnataka,Wakad,Pune,1,1089,15,926,Cash on Delivery,Delivered,2024-03-03,
AMZ000494,2024-08-01 10:22,10-11,Puma Running Shoes,Footwear,SLR0031,Rajasthan,Hitech City,Hyderabad,1,989,15,841,Credit Card,Cancelled,,
AMZ000495,2024-03-16 16:15,16-17,Pigeon Pressure Cooker,Kitchen,SLR0117,West Bengal,Jadavpur,Kolkata,1,1959,30,1371,Cash on Delivery,Delivered,2024-03-17,
AMZ000496,2024-04-10 10:33,10-11,Classmate Notebooks Pack,Stationery,SLR0025,Punjab,Borivali,Mumbai,1,279,25,209,Cash on Delivery,Delivered,2024-04-15,
AMZ000497,2024-11-19 19:29,19-20,Fire TV Stick,Electronics,SLR0155,Gujarat,Howrah,Kolkata,1,1839,30,1287,Debit Card,Cancelled,,
AMZ000498,2024-01-08 08:11,8-9,Mamaearth Shampoo,Beauty,SLR0038,West Bengal,Thane,Mumbai,1,739,5,702,Credit Card,Delivered,2024-01-10,
AMZ000499,2024-06-06 13:09,13-14,American Tourister Trolley,Bags,SLR0027,Uttar Pradesh,Viman Nagar,Pune,1,3979,40,2387,Debit Card,Delivered,2024-06-09,
AMZ000500,2024-11-25 10:38,10-11,JBL Flip Speaker,Electronics,SLR0162,Rajasthan,Indiranagar,Bengaluru,1,2579,50,1290,Credit Card,Cancelled,,
AMZ000501,2024-05-03 07:21,7-8,Philips Hair Dryer,Home Appliances,SLR0049,Rajasthan,Andheri,Mumbai,1,3609,50,1804,Credit Card,Delivered,2024-05-07,
AMZ000502,2024-06-30 16:30,16-17,Puma Running Shoes,Footwear,SLR0140,Rajasthan,Whitefield,Bengaluru,1,559,50,280,Cash on Delivery,Delivered,2024-07-02,
AMZ000503,2024-09-26 20:50,20-21,Wildcraft Backpack,Bags,SLR0011,Gujarat,Viman Nagar,Pune,2,3629,15,6170,Cash on Delivery,Delivered,2024-09-27,
AMZ000504,2024-09-17 14:36,14-15,Philips Hair Dryer,Home Appliances,SLR0067,Gujarat,Adyar,Chennai,1,2299,30,1609,Credit Card,Delivered,2024-09-18,
AMZ000505,2024-10-15 14:43,14-15,Puma Running Shoes,Footwear,SLR0021,Maharashtra,Wakad,Pune,2,2209,15,3756,UPI,Delivered,2024-10-17,
AMZ000506,2024-03-29 21:07,21-22,boAt Rockerz 255,Electronics,SLR0089,Punjab,HSR Layout,Bengaluru,1,1709,30,1196,Credit Card,Delivered,2024-04-03,
AMZ000507,2024-04-05 15:36,15-16,Wildcraft Backpack,Bags,SLR0129,Telangana,Lajpat Nagar,Delhi,1,2489,40,1493,UPI,Delivered,2024-04-07,
AMZ000508,2024-07-28 21:18,21-22,Van Heusen Formal Shirt,Clothing,SLR0091,Gujarat,Wakad,Pune,1,1119,25,839,UPI,Cancelled,,
AMZ000509,2024-11-06 19:15,19-20,Mamaearth Shampoo,Beauty,SLR0084,Punjab,Anna Nagar,Chennai,1,459,20,367,Debit Card,Delivered,2024-11-11,
AMZ000510,2024-03-27 14:19,14-15,Fire TV Stick,Electronics,SLR0016,Punjab,Whitefield,Bengaluru,1,4529,10,4076,Amazon Pay,Delivered,2024-04-01,
AMZ000511,2024-04-21 20:58,20-21,Prestige Mixer Grinder,Home Appliances,SLR0033,Gujarat,Lajpat Nagar,Delhi,1,1919,20,1535,Cash on Delivery,Delivered,2024-04-26,
AMZ000512,2024-07-22 20:18,20-21,Van Heusen Formal Shirt,Clothing,SLR0001,Maharashtra,Banjara Hills,Hyderabad,2,1879,25,2818,Credit Card,Cancelled,,
AMZ000513,2024-11-05 13:40,13-14,Mamaearth Shampoo,Beauty,SLR0019,Rajasthan,Banjara Hills,Hyderabad,1,409,5,389,Amazon Pay,Pending,,
AMZ000514,2024-07-19 21:41,21-22,Pigeon Pressure Cooker,Kitchen,SLR0100,West Bengal,Whitefield,Bengaluru,1,1659,30,1161,Debit Card,Delivered,2024-07-24,
AMZ000515,2024-12-20 12:21,12-13,Levi's T-Shirt,Clothing,SLR0167,Tamil Nadu,Rohini,Delhi,1,1019,5,968,Credit Card,Delivered,2024-12-23,
AMZ000516,2024-07-11 22:58,22-23,Lakme Face Cream,Beauty,SLR0017,Tamil Nadu,Wakad,Pune,1,269,25,202,Credit Card,Cancelled,,
AMZ000517,2024-09-04 13:25,13-14,Puma Running Shoes,Footwear,SLR0011,Tamil Nadu,Wakad,Pune,1,2789,15,2371,Credit Card,Cancelled,,
AMZ000518,2024-11-09 15:18,15-16,Classmate Notebooks Pack,Stationery,SLR0184,Karnataka,Koramangala,Bengaluru,1,279,50,140,UPI,Delivered,2024-11-12,
AMZ000519,2024-07-13 19:12,19-20,Lakme Face Cream,Beauty,SLR0027,Tamil Nadu,Wakad,Pune,1,239,20,191,Cash on Delivery,Delivered,2024-07-16,
AMZ000520,2024-10-25 20:55,20-21,Prestige Mixer Grinder,Home Appliances,SLR0152,West Bengal,Banjara Hills,Hyderabad,1,1119,25,839,UPI,Returned,,
AMZ000521,2024-08-18 19:32,19-20,Casio Calculator,Stationery,SLR0089,Telangana,Banjara Hills,Hyderabad,1,159,30,111,UPI,Cancelled,,
AMZ000522,2024-01-11 22:54,22-23,Bata Formal Shoes,Footwear,SLR0019,Gujarat,Jadavpur,Kolkata,1,2799,5,2659,UPI,Delivered,2024-01-16,
AMZ000523,2024-05-24 05:11,5-6,Echo Dot,Electronics,SLR0063,Maharashtra,Jadavpur,Kolkata,1,3709,50,1854,Credit Card,Returned,,
AMZ000524,2024-04-18 20:59,20-21,American Tourister Trolley,Bags,SLR0179,Uttar Pradesh,Adyar,Chennai,1,3379,25,2534,Cash on Delivery,Delivered,2024-04-19,
AMZ000525,2024-07-25 18:56,18-19,Prestige Mixer Grinder,Home Appliances,SLR0084,Punjab,Rohini,Delhi,2,1419,25,2128,Debit Card,Delivered,2024-07-29,
AMZ000526,2024-10-10 15:49,15-16,Pigeon Pressure Cooker,Kitchen,SLR0018,Gujarat,Connaught Place,Delhi,1,819,50,410,UPI,Delivered,2024-10-15,
AMZ000527,2024-12-29 03:13,3-4,American Tourister Trolley,Bags,SLR0070,Uttar Pradesh,Rohini,Delhi,1,3629,15,3085,Cash on Delivery,Delivered,2025-01-02,
AMZ000528,2024-05-25 20:11,20-21,Fire TV Stick,Electronics,SLR0185,Maharashtra,Park Street,Kolkata,1,2249,5,2137,Credit Card,Delivered,2024-05-26,
AMZ000529,2024-10-25 19:24,19-20,Milton Water Bottle,Kitchen,SLR0136,Punjab,Bandra,Mumbai,1,1959,5,1861,UPI,Delivered,2024-10-27,
AMZ000530,2024-01-02 15:25,15-16,American Tourister Trolley,Bags,SLR0059,Punjab,Banjara Hills,Hyderabad,1,1939,50,970,UPI,Delivered,2024-01-05,
AMZ000531,2024-03-25 17:42,17-18,Echo Dot,Electronics,SLR0001,Tamil Nadu,Connaught Place,Delhi,1,689,50,344,Cash on Delivery,Returned,,
AMZ000532,2024-11-30 20:03,20-21,Lakme Face Cream,Beauty,SLR0071,Rajasthan,Velachery,Chennai,1,879,25,659,UPI,Delivered,2024-12-02,
AMZ000533,2024-05-17 22:09,22-23,Levi's T-Shirt,Clothing,SLR0146,Rajasthan,Kothrud,Pune,1,1519,25,1139,Cash on Delivery,Delivered,2024-05-18,
AMZ000534,2024-03-24 10:49,10-11,Casio Calculator,Stationery,SLR0022,West Bengal,HSR Layout,Bengaluru,2,229,5,436,Amazon Pay,Delivered,2024-03-25,
AMZ000535,2024-04-21 09:34,9-10,Fire TV Stick,Electronics,SLR0153,Punjab,Park Street,Kolkata,1,609,20,487,UPI,Cancelled,,
AMZ000536,2024-08-04 05:18,5-6,American Tourister Trolley,Bags,SLR0080,Punjab,Thane,Mumbai,1,3329,40,1997,Amazon Pay,Delivered,2024-08-07,
AMZ000537,2024-11-14 13:49,13-14,Samsung Galaxy Buds,Electronics,SLR0160,Rajasthan,Hinjewadi,Pune,2,2689,5,5110,Amazon Pay,Delivered,2024-11-16,
AMZ000538,2024-10-20 12:33,12-13,Echo Dot,Electronics,SLR0181,Delhi,Saket,Delhi,1,3729,30,2610,Cash on Delivery,Cancelled,,
AMZ000539,2024-12-22 16:47,16-17,Fire TV Stick,Electronics,SLR0010,Punjab,Salt Lake,Kolkata,1,2469,5,2346,Debit Card,Delivered,2024-12-26,
AMZ000540,2024-06-12 21:46,21-22,Puma Running Shoes,Footwear,SLR0034,West Bengal,Borivali,Mumbai,1,1299,50,650,Debit Card,Delivered,2024-06-16,
AMZ000541,2024-04-29 22:16,22-23,Prestige Mixer Grinder,Home Appliances,SLR0143,Maharashtra,Koramangala,Bengaluru,2,3959,40,4750,Net Banking,Returned,,
AMZ000542,2024-10-09 09:39,9-10,Wildcraft Backpack,Bags,SLR0083,Uttar Pradesh,Rohini,Delhi,3,3079,10,8313,Credit Card,Delivered,2024-10-10,
AMZ000543,2024-12-02 19:57,19-20,Lakme Face Cream,Beauty,SLR0045,Telangana,Banjara Hills,Hyderabad,1,599,5,569,Net Banking,Delivered,2024-12-04,
AMZ000544,2024-05-04 10:32,10-11,Fire TV Stick,Electronics,SLR0105,Delhi,Whitefield,Bengaluru,1,759,5,721,UPI,Pending,,
AMZ000545,2024-05-24 19:41,19-20,Classmate Notebooks Pack,Stationery,SLR0036,Uttar Pradesh,Andheri,Mumbai,1,439,15,373,Credit Card,Delivered,2024-05-26,
AMZ000546,2024-12-24 19:13,19-20,Lakme Face Cream,Beauty,SLR0021,Uttar Pradesh,Jadavpur,Kolkata,1,429,15,365,Cash on Delivery,Delivered,2024-12-29,
AMZ000547,2024-03-09 17:02,17-18,Casio Calculator,Stationery,SLR0079,Punjab,Howrah,Kolkata,1,119,10,107,Credit Card,Pending,,
AMZ000548,2024-03-16 13:29,13-14,boAt Rockerz 255,Electronics,SLR0118,Rajasthan,Connaught Place,Delhi,1,4229,20,3383,Net Banking,Delivered,2024-03-17,
AMZ000549,2024-03-10 07:07,7-8,Fire TV Stick,Electronics,SLR0029,West Bengal,Lajpat Nagar,Delhi,1,959,40,575,Amazon Pay,Delivered,2024-03-12,
AMZ000550,2024-01-11 10:10,10-11,Casio Calculator,Stationery,SLR0046,Gujarat,Borivali,Mumbai,1,269,20,215,UPI,Delivered,2024-01-16,
AMZ000551,2024-10-18 15:25,15-16,Echo Dot,Electronics,SLR0123,Gujarat,Velachery,Chennai,1,3399,15,2889,Net Banking,Pending,,
AMZ000552,2024-05-26 23:10,23-24,Mamaearth Shampoo,Beauty,SLR0104,Gujarat,Dadar,Mumbai,1,819,15,696,Debit Card,Cancelled,,
AMZ000553,2024-02-01 20:55,20-21,Realme Smart Watch,Electronics,SLR0180,Maharashtra,Indiranagar,Bengaluru,1,4249,50,2124,Net Banking,Delivered,2024-02-04,
AMZ000554,2024-10-03 18:05,18-19,Samsung Galaxy Buds,Electronics,SLR0079,Karnataka,T Nagar,Chennai,1,809,40,485,Debit Card,Returned,,
AMZ000555,2024-04-02 21:22,21-22,Mamaearth Shampoo,Beauty,SLR0101,Tamil Nadu,Whitefield,Bengaluru,2,399,25,598,Debit Card,Delivered,2024-04-04,
AMZ000556,2024-06-28 20:45,20-21,boAt Rockerz 255,Electronics,SLR0193,Punjab,Velachery,Chennai,1,4949,10,4454,Cash on Delivery,Returned,,
AMZ000557,2024-10-22 07:28,7-8,Milton Water Bottle,Kitchen,SLR0190,Tamil Nadu,Andheri,Mumbai,1,1209,15,1028,Debit Card,Returned,,
AMZ000558,2024-05-24 10:11,10-11,Echo Dot,Electronics,SLR0032,Maharashtra,Banjara Hills,Hyderabad,2,709,20,1134,UPI,Returned,,
AMZ000559,2024-06-23 20:04,20-21,JBL Flip Speaker,Electronics,SLR0193,Tamil Nadu,HSR Layout,Bengaluru,2,609,5,1158,Amazon Pay,Delivered,2024-06-24,
AMZ000560,2024-04-11 10:34,10-11,Milton Water Bottle,Kitchen,SLR0158,Maharashtra,HSR Layout,Bengaluru,2,1989,15,3382,UPI,Delivered,2024-04-14,
AMZ000561,2024-10-09 10:45,10-11,Prestige Mixer Grinder,Home Appliances,SLR0166,Uttar Pradesh,Connaught Place,Delhi,1,2419,15,2056,Cash on Delivery,Delivered,2024-10-14,
AMZ000562,2024-11-26 20:56,20-21,Lakme Face Cream,Beauty,SLR0054,Maharashtra,Gachibowli,Hyderabad,1,709,20,567,UPI,Delivered,2024-11-28,
AMZ000563,2024-12-22 00:25,0-1,Mamaearth Shampoo,Beauty,SLR0158,Rajasthan,Howrah,Kolkata,2,839,25,1258,Credit Card,Delivered,2024-12-23,
AMZ000564,2024-04-19 21:48,21-22,Classmate Notebooks Pack,Stationery,SLR0147,West Bengal,Dadar,Mumbai,1,309,20,247,Cash on Delivery,Pending,,
AMZ000565,2024-10-23 17:53,17-18,boAt Rockerz 255,Electronics,SLR0058,West Bengal,Howrah,Kolkata,1,1749,20,1399,UPI,Delivered,2024-10-28,
AMZ000566,2024-02-23 11:09,11-12,American Tourister Trolley,Bags,SLR0197,West Bengal,Hinjewadi,Pune,1,2559,5,2431,Cash on Delivery,Delivered,2024-02-24,
AMZ000567,2024-10-10 21:13,21-22,Casio Calculator,Stationery,SLR0121,Uttar Pradesh,Bandra,Mumbai,1,369,5,351,Cash on Delivery,Delivered,2024-10-11,
AMZ000568,2024-06-17 19:03,19-20,Van Heusen Formal Shirt,Clothing,SLR0060,Tamil Nadu,Gachibowli,Hyderabad,1,1109,20,887,UPI,Returned,,
AMZ000569,2024-07-13 20:05,20-21,Philips Hair Dryer,Home Appliances,SLR0173,West Bengal,Andheri,Mumbai,3,2119,50,3180,Cash on Delivery,Delivered,2024-07-14,
AMZ000570,2024-11-29 10:22,10-11,Realme Smart Watch,Electronics,SLR0056,Gujarat,Hinjewadi,Pune,1,2369,25,1777,Credit Card,Pending,,
AMZ000571,2024-08-22 19:03,19-20,Realme Smart Watch,Electronics,SLR0074,Gujarat,Gachibowli,Hyderabad,2,1719,20,2750,Cash on Delivery,Delivered,2024-08-26,
AMZ000572,2024-09-09 05:27,5-6,Realme Smart Watch,Electronics,SLR0150,Uttar Pradesh,Rohini,Delhi,2,809,30,1132,Cash on Delivery,Delivered,2024-09-13,
AMZ000573,2024-06-01 17:31,17-18,Mamaearth Shampoo,Beauty,SLR0056,Maharashtra,Thane,Mumbai,2,609,10,1096,UPI,Returned,,
AMZ000574,2024-06-26 19:08,19-20,American Tourister Trolley,Bags,SLR0172,Rajasthan,Saket,Delhi,1,3859,5,3666,Amazon Pay,Delivered,2024-07-01,
AMZ000575,2024-07-18 14:55,14-15,Bata Formal Shoes,Footwear,SLR0027,West Bengal,Borivali,Mumbai,3,2999,15,7647,UPI,Delivered,2024-07-23,
AMZ000576,2024-02-29 09:30,9-10,Realme Smart Watch,Electronics,SLR0090,Delhi,Park Street,Kolkata,2,1799,15,3058,UPI,Pending,,
AMZ000577,2024-05-24 10:34,10-11,Wildcraft Backpack,Bags,SLR0038,West Bengal,Borivali,Mumbai,2,609,5,1158,UPI,Returned,,
AMZ000578,2024-09-11 12:13,12-13,Mamaearth Shampoo,Beauty,SLR0044,Rajasthan,Thane,Mumbai,1,219,40,131,UPI,Delivered,2024-09-14,
AMZ000579,2024-06-25 19:47,19-20,JBL Flip Speaker,Electronics,SLR0176,Tamil Nadu,Dadar,Mumbai,1,749,15,637,Amazon Pay,Delivered,2024-06-29,
AMZ000580,2024-12-03 20:32,20-21,Philips Hair Dryer,Home Appliances,SLR0122,Tamil Nadu,Andheri,Mumbai,3,3959,50,5940,Debit Card,Delivered,2024-12-04,
AMZ000581,2024-10-08 14:38,14-15,Realme Smart Watch,Electronics,SLR0005,Karnataka,Anna Nagar,Chennai,2,1259,30,1762,Credit Card,Cancelled,,
AMZ000582,2024-09-17 17:50,17-18,Lakme Face Cream,Beauty,SLR0120,Karnataka,Gachibowli,Hyderabad,1,559,20,447,UPI,Delivered,2024-09-21,
AMZ000583,2024-01-16 11:53,11-12,Pigeon Pressure Cooker,Kitchen,SLR0073,Gujarat,Koramangala,Bengaluru,1,499,40,299,Amazon Pay,Pending,,
AMZ000584,2024-07-22 19:18,19-20,Mamaearth Shampoo,Beauty,SLR0168,Delhi,Hitech City,Hyderabad,1,289,50,144,Net Banking,Delivered,2024-07-26,
AMZ000585,2024-05-15 17:33,17-18,Van Heusen Formal Shirt,Clothing,SLR0078,Uttar Pradesh,Banjara Hills,Hyderabad,1,1789,10,1610,UPI,Delivered,2024-05-17,
AMZ000586,2024-01-15 16:57,16-17,Levi's T-Shirt,Clothing,SLR0077,Punjab,Saket,Delhi,1,759,10,683,Cash on Delivery,Delivered,2024-01-16,
AMZ000587,2024-09-29 18:37,18-19,Levi's T-Shirt,Clothing,SLR0115,Telangana,Park Street,Kolkata,1,789,50,394,UPI,Delivered,2024-09-30,
AMZ000588,2024-08-09 18:22,18-19,Fire TV Stick,Electronics,SLR0062,Tamil Nadu,Dadar,Mumbai,1,2469,20,1975,Debit Card,Cancelled,,
AMZ000589,2024-01-21 20:59,20-21,Milton Water Bottle,Kitchen,SLR0015,Maharashtra,Hitech City,Hyderabad,3,1579,30,3315,Net Banking,Delivered,2024-01-26,
AMZ000590,2024-07-26 23:20,23-24,boAt Rockerz 255,Electronics,SLR0045,West Bengal,Howrah,Kolkata,2,3929,5,7466,Debit Card,Delivered,2024-07-31,
AMZ000591,2024-10-05 23:10,23-24,American Tourister Trolley,Bags,SLR0180,Uttar Pradesh,Borivali,Mumbai,1,2919,10,2627,UPI,Delivered,2024-10-09,
AMZ000592,2024-01-29 20:48,20-21,Puma Running Shoes,Footwear,SLR0147,Gujarat,Anna Nagar,Chennai,1,2429,10,2186,Net Banking,Delivered,2024-02-02,
AMZ000593,2024-12-02 16:12,16-17,Classmate Notebooks Pack,Stationery,SLR0092,Gujarat,Kothrud,Pune,1,169,50,84,UPI,Delivered,2024-12-04,
AMZ000594,2024-01-03 20:39,20-21,American Tourister Trolley,Bags,SLR0164,Gujarat,Dwarka,Delhi,1,1559,10,1403,UPI,Delivered,2024-01-07,
AMZ000595,2024-01-02 20:56,20-21,boAt Rockerz 255,Electronics,SLR0196,Punjab,Indiranagar,Bengaluru,1,1729,30,1210,Net Banking,Pending,,
AMZ000596,2024-10-02 08:40,8-9,Philips Hair Dryer,Home Appliances,SLR0151,Punjab,Whitefield,Bengaluru,1,1219,15,1036,Cash on Delivery,Delivered,2024-10-07,
AMZ000597,2024-05-15 21:07,21-22,Mamaearth Shampoo,Beauty,SLR0175,Karnataka,Kothrud,Pune,1,299,5,284,Credit Card,Delivered,2024-05-16,
AMZ000598,2024-02-24 20:21,20-21,Pigeon Pressure Cooker,Kitchen,SLR0156,West Bengal,Wakad,Pune,2,929,40,1114,Cash on Delivery,Delivered,2024-02-26,
AMZ000599,2024-03-12 19:08,19-20,Echo Dot,Electronics,SLR0180,Punjab,Jadavpur,Kolkata,1,919,15,781,Net Banking,Delivered,2024-03-16,
AMZ000600,2024-05-17 19:14,19-20,Classmate Notebooks Pack,Stationery,SLR0067,Delhi,Velachery,Chennai,1,159,10,143,UPI,Delivered,2024-05-22,
AMZ000601,2024-05-20 16:23,16-17,Bata Formal Shoes,Footwear,SLR0185,Delhi,Jadavpur,Kolkata,1,1869,25,1402,UPI,Delivered,2024-05-23,
AMZ000602,2024-11-14 16:26,16-17,Lakme Face Cream,Beauty,SLR0077,Maharashtra,Koramangala,Bengaluru,1,629,50,314,Debit Card,Delivered,2024-11-16,
AMZ000603,2024-02-24 17:11,17-18,Classmate Notebooks Pack,Stationery,SLR0113,Tamil Nadu,Viman Nagar,Pune,1,509,50,254,UPI,Delivered,2024-02-29,
AMZ000604,2024-03-10 14:13,14-15,Philips Hair Dryer,Home Appliances,SLR0040,Karnataka,Jadavpur,Kolkata,1,3009,25,2257,Credit Card,Delivered,2024-03-14,
AMZ000605,2024-11-15 20:23,20-21,Prestige Mixer Grinder,Home Appliances,SLR0170,Telangana,Koramangala,Bengaluru,2,2739,10,4930,Cash on Delivery,Delivered,2024-11-18,
AMZ000606,2024-03-14 13:54,13-14,Realme Smart Watch,Electronics,SLR0102,Telangana,Howrah,Kolkata,1,2589,25,1942,Cash on Delivery,Delivered,2024-03-19,
AMZ000607,2024-11-02 19:38,19-20,Pigeon Pressure Cooker,Kitchen,SLR0167,Uttar Pradesh,Borivali,Mumbai,1,919,40,551,Credit Card,Delivered,2024-11-04,
AMZ000608,2024-01-27 22:20,22-23,Van Heusen Formal Shirt,Clothing,SLR0177,Punjab,Indiranagar,Bengaluru,1,1969,25,1477,UPI,Cancelled,,
AMZ000609,2024-11-13 12:20,12-13,Casio Calculator,Stationery,SLR0072,Punjab,Adyar,Chennai,2,269,5,512,Debit Card,Delivered,2024-11-14,
AMZ000610,2024-03-22 12:27,12-13,Casio Calculator,Stationery,SLR0047,Maharashtra,Kothrud,Pune,1,269,10,242,UPI,Delivered,2024-03-23,
AMZ000611,2024-10-25 14:54,14-15,Classmate Notebooks Pack,Stationery,SLR0029,Tamil Nadu,Dadar,Mumbai,1,249,40,149,Amazon Pay,Delivered,2024-10-27,
AMZ000612,2024-06-18 23:30,23-24,Casio Calculator,Stationery,SLR0010,Rajasthan,Whitefield,Bengaluru,1,489,5,465,Debit Card,Delivered,2024-06-19,
AMZ000613,2024-08-31 10:32,10-11,Echo Dot,Electronics,SLR0192,Punjab,Koramangala,Bengaluru,1,4329,40,2597,Debit Card,Delivered,2024-09-03,
AMZ000614,2024-08-05 00:09,0-1,Levi's T-Shirt,Clothing,SLR0095,Karnataka,Dwarka,Delhi,3,1189,10,3210,Debit Card,Delivered,2024-08-10,
AMZ000615,2024-09-30 12:32,12-13,Casio Calculator,Stationery,SLR0144,Karnataka,Adyar,Chennai,1,399,20,319,Cash on Delivery,Returned,,
AMZ000616,2024-09-29 14:35,14-15,Lakme Face Cream,Beauty,SLR0149,Delhi,Koramangala,Bengaluru,1,929,15,790,UPI,Delivered,2024-10-01,
AMZ000617,2024-05-08 22:54,22-23,Lakme Face Cream,Beauty,SLR0072,Delhi,Kothrud,Pune,1,989,50,494,Net Banking,Delivered,2024-05-10,
AMZ000618,2024-07-12 22:42,22-23,Prestige Mixer Grinder,Home Appliances,SLR0041,Tamil Nadu,T Nagar,Chennai,1,2239,30,1567,Debit Card,Delivered,2024-07-16,
AMZ000619,2024-05-21 22:01,22-23,Milton Water Bottle,Kitchen,SLR0034,Maharashtra,Hitech City,Hyderabad,1,1539,25,1154,Debit Card,Pending,,
AMZ000620,2024-04-28 18:49,18-19,Realme Smart Watch,Electronics,SLR0128,Delhi,Thane,Mumbai,3,2699,5,7692,Cash on Delivery,Delivered,2024-04-29,
AMZ000621,2024-04-08 14:52,14-15,Lakme Face Cream,Beauty,SLR0014,Uttar Pradesh,Andheri,Mumbai,2,339,50,340,Debit Card,Delivered,2024-04-10,
AMZ000622,2024-02-23 22:04,22-23,Mamaearth Shampoo,Beauty,SLR0066,Punjab,Dwarka,Delhi,1,929,50,464,UPI,Delivered,2024-02-26,
AMZ000623,2024-06-13 16:24,16-17,Milton Water Bottle,Kitchen,SLR0019,Rajasthan,Dadar,Mumbai,1,1369,5,1301,Debit Card,Delivered,2024-06-14,
AMZ000624,2024-03-03 05:32,5-6,American Tourister Trolley,Bags,SLR0121,Delhi,Saket,Delhi,1,2619,50,1310,Amazon Pay,Delivered,2024-03-04,
AMZ000625,2024-02-18 19:56,19-20,American Tourister Trolley,Bags,SLR0196,Delhi,Hinjewadi,Pune,1,1439,5,1367,Debit Card,Delivered,2024-02-21,
AMZ000626,2024-06-05 12:42,12-13,Milton Water Bottle,Kitchen,SLR0068,Rajasthan,Anna Nagar,Chennai,1,789,15,671,UPI,Delivered,2024-06-06,
AMZ000627,2024-08-20 11:00,11-12,Bata Formal Shoes,Footwear,SLR0102,Tamil Nadu,Dwarka,Delhi,1,519,25,389,Net Banking,Cancelled,,
AMZ000628,2024-04-26 20:18,20-21,Lakme Face Cream,Beauty,SLR0046,Karnataka,Salt Lake,Kolkata,1,709,40,425,Credit Card,Delivered,2024-04-29,
AMZ000629,2024-12-06 13:25,13-14,Echo Dot,Electronics,SLR0076,Uttar Pradesh,Indiranagar,Bengaluru,1,1509,50,754,Amazon Pay,Delivered,2024-12-07,
AMZ000630,2024-07-31 21:36,21-22,American Tourister Trolley,Bags,SLR0053,West Bengal,Anna Nagar,Chennai,1,2519,25,1889,Cash on Delivery,Delivered,2024-08-03,
AMZ000631,2024-10-04 21:00,21-22,Echo Dot,Electronics,SLR0093,Karnataka,Rohini,Delhi,1,3389,15,2881,Credit Card,Delivered,2024-10-08,
AMZ000632,2024-01-05 21:13,21-22,Puma Running Shoes,Footwear,SLR0006,Telangana,Howrah,Kolkata,1,2009,20,1607,UPI,Delivered,2024-01-09,
AMZ000633,2024-05-05 08:29,8-9,boAt Rockerz 255,Electronics,SLR0023,Telangana,Dadar,Mumbai,2,4739,15,8056,UPI,Delivered,2024-05-06,
AMZ000634,2024-03-23 20:03,20-21,Milton Water Bottle,Kitchen,SLR0059,Delhi,Anna Nagar,Chennai,1,329,50,164,Credit Card,Delivered,2024-03-27,
AMZ000635,2024-08-31 10:59,10-11,American Tourister Trolley,Bags,SLR0168,West Bengal,Anna Nagar,Chennai,1,1679,10,1511,UPI,Delivered,2024-09-05,
AMZ000636,2024-02-13 14:51,14-15,American Tourister Trolley,Bags,SLR0027,Uttar Pradesh,Thane,Mumbai,1,2879,5,2735,UPI,Delivered,2024-02-18,
AMZ000637,2024-08-19 15:10,15-16,Casio Calculator,Stationery,SLR0002,Rajasthan,Gachibowli,Hyderabad,1,329,40,197,Credit Card,Cancelled,,
AMZ000638,2024-02-18 21:33,21-22,Pigeon Pressure Cooker,Kitchen,SLR0179,Karnataka,Thane,Mumbai,1,549,50,274,Debit Card,Delivered,2024-02-22,
AMZ000639,2024-11-22 18:11,18-19,Lakme Face Cream,Beauty,SLR0151,Gujarat,Banjara Hills,Hyderabad,2,869,5,1652,Cash on Delivery,Delivered,2024-11-24,
AMZ000640,2024-11-12 06:28,6-7,American Tourister Trolley,Bags,SLR0051,Maharashtra,Koramangala,Bengaluru,1,2759,5,2621,Debit Card,Delivered,2024-11-13,
AMZ000641,2024-02-18 20:23,20-21,Mamaearth Shampoo,Beauty,SLR0099,Punjab,Borivali,Mumbai,1,759,30,531,Cash on Delivery,Delivered,2024-02-21,
AMZ000642,2024-02-06 11:13,11-12,Levi's T-Shirt,Clothing,SLR0126,Rajasthan,Jadavpur,Kolkata,2,1529,5,2906,Net Banking,Pending,,
AMZ000643,2024-10-29 16:34,16-17,JBL Flip Speaker,Electronics,SLR0176,Punjab,Anna Nagar,Chennai,1,609,50,304,Amazon Pay,Delivered,2024-11-01,
AMZ000644,2024-05-18 21:04,21-22,Samsung Galaxy Buds,Electronics,SLR0089,Tamil Nadu,Banjara Hills,Hyderabad,1,1929,40,1157,Credit Card,Delivered,2024-05-19,
AMZ000645,2024-06-15 12:07,12-13,Puma Running Shoes,Footwear,SLR0010,Tamil Nadu,T Nagar,Chennai,1,809,25,607,UPI,Delivered,2024-06-17,
AMZ000646,2024-07-11 12:05,12-13,Casio Calculator,Stationery,SLR0126,Punjab,Jadavpur,Kolkata,1,309,10,278,Credit Card,Delivered,2024-07-14,
AMZ000647,2024-01-06 14:15,14-15,American Tourister Trolley,Bags,SLR0126,Karnataka,Gachibowli,Hyderabad,2,2189,50,2188,Cash on Delivery,Delivered,2024-01-11,
AMZ000648,2024-11-04 19:49,19-20,Van Heusen Formal Shirt,Clothing,SLR0054,Maharashtra,Connaught Place,Delhi,1,579,30,405,UPI,Delivered,2024-11-07,
AMZ000649,2024-07-29 19:19,19-20,Puma Running Shoes,Footwear,SLR0064,West Bengal,Hitech City,Hyderabad,1,2799,50,1400,Credit Card,Delivered,2024-08-02,
AMZ000650,2024-04-07 10:48,10-11,Bata Formal Shoes,Footwear,SLR0082,Uttar Pradesh,Dwarka,Delhi,1,619,25,464,Credit Card,Delivered,2024-04-08,
AMZ000651,2024-02-14 20:53,20-21,Casio Calculator,Stationery,SLR0049,Tamil Nadu,Park Street,Kolkata,1,259,15,220,Amazon Pay,Delivered,2024-02-15,
AMZ000652,2024-10-18 13:36,13-14,JBL Flip Speaker,Electronics,SLR0110,Delhi,Connaught Place,Delhi,1,3929,40,2357,UPI,Returned,,
AMZ000653,2024-09-10 14:39,14-15,American Tourister Trolley,Bags,SLR0096,West Bengal,Hinjewadi,Pune,2,839,10,1510,Net Banking,Returned,,
AMZ000654,2024-05-15 14:44,14-15,Fire TV Stick,Electronics,SLR0054,Tamil Nadu,Viman Nagar,Pune,1,2429,25,1822,UPI,Cancelled,,
AMZ000655,2024-10-02 14:59,14-15,Realme Smart Watch,Electronics,SLR0116,Rajasthan,Velachery,Chennai,1,3399,5,3229,UPI,Delivered,2024-10-05,
AMZ000656,2024-01-18 11:59,11-12,Echo Dot,Electronics,SLR0018,West Bengal,Velachery,Chennai,1,999,20,799,Cash on Delivery,Pending,,
AMZ000657,2024-04-27 20:54,20-21,boAt Rockerz 255,Electronics,SLR0104,Rajasthan,Jadavpur,Kolkata,1,699,20,559,Credit Card,Delivered,2024-04-30,
AMZ000658,2024-10-03 20:16,20-21,Wildcraft Backpack,Bags,SLR0014,West Bengal,Adyar,Chennai,1,2119,30,1483,Cash on Delivery,Delivered,2024-10-04,
AMZ000659,2024-09-28 18:17,18-19,Pigeon Pressure Cooker,Kitchen,SLR0017,Tamil Nadu,Borivali,Mumbai,1,829,25,622,Credit Card,Delivered,2024-09-29,
AMZ000660,2024-05-27 12:36,12-13,Puma Running Shoes,Footwear,SLR0008,Maharashtra,Koramangala,Bengaluru,1,1829,5,1738,Credit Card,Delivered,2024-05-29,
AMZ000661,2024-01-04 08:07,8-9,Milton Water Bottle,Kitchen,SLR0047,West Bengal,Rohini,Delhi,1,809,50,404,UPI,Delivered,2024-01-09,
AMZ000662,2024-04-22 18:39,18-19,Wildcraft Backpack,Bags,SLR0045,Delhi,Lajpat Nagar,Delhi,2,2769,50,2768,Cash on Delivery,Delivered,2024-04-25,
AMZ000663,2024-01-20 12:04,12-13,Wildcraft Backpack,Bags,SLR0197,Delhi,Velachery,Chennai,1,2029,50,1014,UPI,Delivered,2024-01-23,
AMZ000664,2024-02-25 19:16,19-20,Van Heusen Formal Shirt,Clothing,SLR0018,Delhi,Hinjewadi,Pune,3,629,40,1131,Debit Card,Delivered,2024-02-28,
AMZ000665,2024-04-07 21:49,21-22,Philips Hair Dryer,Home Appliances,SLR0031,West Bengal,Dadar,Mumbai,1,2799,30,1959,UPI,Delivered,2024-04-11,
AMZ000666,2024-09-22 19:23,19-20,Levi's T-Shirt,Clothing,SLR0087,Telangana,Dwarka,Delhi,2,309,15,526,Cash on Delivery,Pending,,
AMZ000667,2024-12-02 13:29,13-14,Realme Smart Watch,Electronics,SLR0007,Rajasthan,Hinjewadi,Pune,1,699,25,524,Debit Card,Cancelled,,
AMZ000668,2024-11-25 16:29,16-17,Mamaearth Shampoo,Beauty,SLR0093,Punjab,Hitech City,Hyderabad,2,689,10,1240,Net Banking,Delivered,2024-11-30,
AMZ000669,2024-11-04 13:22,13-14,Mamaearth Shampoo,Beauty,SLR0135,Rajasthan,Velachery,Chennai,1,869,40,521,UPI,Returned,,
AMZ000670,2024-04-18 20:49,20-21,Casio Calculator,Stationery,SLR0151,Punjab,Bandra,Mumbai,3,159,10,429,Net Banking,Delivered,2024-04-19,
AMZ000671,2024-06-03 19:33,19-20,American Tourister Trolley,Bags,SLR0138,Delhi,Connaught Place,Delhi,1,2589,50,1294,Cash on Delivery,Cancelled,,
AMZ000672,2024-12-12 10:27,10-11,Lakme Face Cream,Beauty,SLR0021,Maharashtra,Borivali,Mumbai,1,899,25,674,Amazon Pay,Delivered,2024-12-15,
AMZ000673,2024-02-12 03:55,3-4,Prestige Mixer Grinder,Home Appliances,SLR0123,Rajasthan,Bandra,Mumbai,1,1859,5,1766,UPI,Delivered,2024-02-13,
AMZ000674,2024-02-16 15:20,15-16,Mamaearth Shampoo,Beauty,SLR0121,Punjab,Wakad,Pune,3,649,50,972,Debit Card,Delivered,2024-02-20,
AMZ000675,2024-07-18 18:06,18-19,Classmate Notebooks Pack,Stationery,SLR0012,West Bengal,Hitech City,Hyderabad,1,199,40,119,Debit Card,Pending,,
AMZ000676,2024-08-02 14:03,14-15,Puma Running Shoes,Footwear,SLR0039,Maharashtra,Anna Nagar,Chennai,1,1069,15,909,Amazon Pay,Delivered,2024-08-07,
AMZ000677,2024-07-27 17:58,17-18,Milton Water Bottle,Kitchen,SLR0138,Rajasthan,Salt Lake,Kolkata,1,1569,10,1412,UPI,Returned,,
AMZ000678,2024-09-11 14:49,14-15,Lakme Face Cream,Beauty,SLR0083,West Bengal,Viman Nagar,Pune,1,199,10,179,UPI,Delivered,2024-09-16,
AMZ000679,2024-01-07 19:21,19-20,Pigeon Pressure Cooker,Kitchen,SLR0133,Uttar Pradesh,Andheri,Mumbai,1,1459,50,730,Net Banking,Delivered,2024-01-11,
AMZ000680,2024-03-18 21:30,21-22,Echo Dot,Electronics,SLR0139,Telangana,Hitech City,Hyderabad,1,4919,50,2460,Cash on Delivery,Delivered,2024-03-19,
AMZ000681,2024-06-26 20:38,20-21,boAt Rockerz 255,Electronics,SLR0038,West Bengal,Velachery,Chennai,2,899,40,1078,Amazon Pay,Pending,,
AMZ000682,2024-12-09 19:52,19-20,Puma Running Shoes,Footwear,SLR0108,Tamil Nadu,Lajpat Nagar,Delhi,1,2289,40,1373,Debit Card,Delivered,2024-12-14,
AMZ000683,2024-09-14 11:34,11-12,Pigeon Pressure Cooker,Kitchen,SLR0192,West Bengal,Park Street,Kolkata,3,1089,30,2286,Cash on Delivery,Returned,,
AMZ000684,2024-08-15 14:03,14-15,Lakme Face Cream,Beauty,SLR0151,Karnataka,Viman Nagar,Pune,1,889,25,667,Cash on Delivery,Delivered,2024-08-16,
AMZ000685,2024-04-14 20:03,20-21,Classmate Notebooks Pack,Stationery,SLR0126,Maharashtra,T Nagar,Chennai,1,439,20,351,Debit Card,Delivered,2024-04-17,
AMZ000686,2024-10-23 16:42,16-17,Puma Running Shoes,Footwear,SLR0067,Delhi,Salt Lake,Kolkata,1,1809,20,1447,Cash on Delivery,Delivered,2024-10-25,
AMZ000687,2024-10-28 00:05,0-1,Realme Smart Watch,Electronics,SLR0075,West Bengal,Wakad,Pune,1,4369,5,4151,Debit Card,Delivered,2024-11-01,
AMZ000688,2024-08-09 11:36,11-12,Puma Running Shoes,Footwear,SLR0005,Rajasthan,Anna Nagar,Chennai,1,2049,10,1844,Credit Card,Delivered,2024-08-10,
AMZ000689,2024-04-23 21:14,21-22,Levi's T-Shirt,Clothing,SLR0013,Delhi,Madhapur,Hyderabad,1,1999,40,1199,UPI,Returned,,
AMZ000690,2024-06-22 11:34,11-12,Levi's T-Shirt,Clothing,SLR0035,Delhi,Kothrud,Pune,1,779,50,390,UPI,Delivered,2024-06-23,
AMZ000691,2024-08-15 12:07,12-13,Lakme Face Cream,Beauty,SLR0145,Tamil Nadu,Howrah,Kolkata,1,369,10,332,UPI,Delivered,2024-08-16,
AMZ000692,2024-05-13 21:43,21-22,Echo Dot,Electronics,SLR0079,West Bengal,Jadavpur,Kolkata,1,4729,20,3783,Debit Card,Delivered,2024-05-18,
AMZ000693,2024-10-03 11:24,11-12,Fire TV Stick,Electronics,SLR0075,Karnataka,Dwarka,Delhi,2,909,40,1090,UPI,Delivered,2024-10-08,
AMZ000694,2024-10-05 09:24,9-10,Prestige Mixer Grinder,Home Appliances,SLR0005,Uttar Pradesh,Madhapur,Hyderabad,1,2369,15,2014,Amazon Pay,Cancelled,,
AMZ000695,2024-03-14 08:23,8-9,Casio Calculator,Stationery,SLR0019,Gujarat,Connaught Place,Delhi,1,459,20,367,UPI,Delivered,2024-03-15,
AMZ000696,2024-10-13 17:23,17-18,Philips Hair Dryer,Home Appliances,SLR0188,West Bengal,Salt Lake,Kolkata,1,2979,20,2383,Credit Card,Returned,,
AMZ000697,2024-11-26 11:35,11-12,boAt Rockerz 255,Electronics,SLR0088,Tamil Nadu,Wakad,Pune,2,2699,30,3778,UPI,Delivered,2024-11-28,
AMZ000698,2024-11-19 19:02,19-20,Casio Calculator,Stationery,SLR0116,West Bengal,Bandra,Mumbai,3,239,20,573,Credit Card,Cancelled,,
AMZ000699,2024-04-26 21:29,21-22,Milton Water Bottle,Kitchen,SLR0110,Tamil Nadu,Borivali,Mumbai,1,1319,25,989,Amazon Pay,Delivered,2024-04-30,
AMZ000700,2024-02-06 21:20,21-22,Realme Smart Watch,Electronics,SLR0089,Karnataka,Thane,Mumbai,2,2379,15,4044,UPI,Delivered,2024-02-10,
AMZ000701,2024-03-03 11:13,11-12,Mamaearth Shampoo,Beauty,SLR0140,Delhi,Banjara Hills,Hyderabad,1,369,40,221,UPI,Delivered,2024-03-06,
AMZ000702,2024-03-22 17:08,17-18,boAt Rockerz 255,Electronics,SLR0007,Maharashtra,Gachibowli,Hyderabad,1,949,30,664,UPI,Delivered,2024-03-24,
AMZ000703,2024-01-16 21:43,21-22,Fire TV Stick,Electronics,SLR0022,Uttar Pradesh,Wakad,Pune,1,4979,5,4730,Credit Card,Returned,,
AMZ000704,2024-10-09 15:14,15-16,American Tourister Trolley,Bags,SLR0063,West Bengal,Gachibowli,Hyderabad,1,3889,25,2917,Net Banking,Delivered,2024-10-10,
AMZ000705,2024-03-29 21:45,21-22,Samsung Galaxy Buds,Electronics,SLR0179,Maharashtra,Howrah,Kolkata,1,3889,20,3111,Debit Card,Cancelled,,
AMZ000706,2024-10-02 21:11,21-22,Levi's T-Shirt,Clothing,SLR0173,Rajasthan,Andheri,Mumbai,1,919,40,551,UPI,Delivered,2024-10-03,
AMZ000707,2024-10-12 22:02,22-23,Samsung Galaxy Buds,Electronics,SLR0001,Karnataka,Madhapur,Hyderabad,1,1609,50,804,Net Banking,Delivered,2024-10-15,
AMZ000708,2024-08-25 22:56,22-23,boAt Rockerz 255,Electronics,SLR0047,Gujarat,Adyar,Chennai,1,1069,30,748,Credit Card,Delivered,2024-08-26,
AMZ000709,2024-06-01 17:30,17-18,Bata Formal Shoes,Footwear,SLR0177,Punjab,Lajpat Nagar,Delhi,1,1029,5,978,UPI,Delivered,2024-06-04,
AMZ000710,2024-02-01 14:18,14-15,Milton Water Bottle,Kitchen,SLR0165,Rajasthan,Viman Nagar,Pune,1,1549,20,1239,Debit Card,Returned,,
AMZ000711,2024-11-16 18:43,18-19,Echo Dot,Electronics,SLR0127,Delhi,Koramangala,Bengaluru,2,4079,30,5710,Debit Card,Delivered,2024-11-18,
AMZ000712,2024-08-13 19:26,19-20,boAt Rockerz 255,Electronics,SLR0033,Gujarat,Koramangala,Bengaluru,1,3509,40,2105,UPI,Delivered,2024-08-14,
AMZ000713,2024-04-21 16:20,16-17,Echo Dot,Electronics,SLR0140,Maharashtra,Velachery,Chennai,2,619,5,1176,Cash on Delivery,Delivered,2024-04-23,
AMZ000714,2024-10-30 20:08,20-21,Levi's T-Shirt,Clothing,SLR0049,Uttar Pradesh,Andheri,Mumbai,1,1909,5,1814,Credit Card,Pending,,
AMZ000715,2024-09-07 06:23,6-7,JBL Flip Speaker,Electronics,SLR0072,Uttar Pradesh,Andheri,Mumbai,1,2179,5,2070,UPI,Returned,,
AMZ000716,2024-08-21 16:10,16-17,Philips Hair Dryer,Home Appliances,SLR0130,Karnataka,Viman Nagar,Pune,1,1489,30,1042,Amazon Pay,Delivered,2024-08-24,
AMZ000717,2024-08-05 14:48,14-15,Prestige Mixer Grinder,Home Appliances,SLR0107,Maharashtra,Gachibowli,Hyderabad,1,1239,40,743,Cash on Delivery,Returned,,
AMZ000718,2024-12-03 12:14,12-13,boAt Rockerz 255,Electronics,SLR0097,Telangana,Rohini,Delhi,2,799,30,1118,Net Banking,Delivered,2024-12-07,
AMZ000719,2024-06-01 09:29,9-10,Pigeon Pressure Cooker,Kitchen,SLR0054,Karnataka,Borivali,Mumbai,1,1949,25,1462,Debit Card,Delivered,2024-06-03,
AMZ000720,2024-07-15 07:43,7-8,Van Heusen Formal Shirt,Clothing,SLR0124,Delhi,Jadavpur,Kolkata,1,1289,25,967,Credit Card,Delivered,2024-07-17,
AMZ000721,2024-08-18 14:21,14-15,American Tourister Trolley,Bags,SLR0072,Karnataka,Lajpat Nagar,Delhi,2,2719,20,4350,Credit Card,Cancelled,,
AMZ000722,2024-05-19 18:05,18-19,Samsung Galaxy Buds,Electronics,SLR0082,Karnataka,Borivali,Mumbai,1,3609,30,2526,UPI,Delivered,2024-05-20,
AMZ000723,2024-03-04 08:10,8-9,Van Heusen Formal Shirt,Clothing,SLR0171,Punjab,Connaught Place,Delhi,2,1979,25,2968,UPI,Delivered,2024-03-06,
AMZ000724,2024-06-29 19:29,19-20,Prestige Mixer Grinder,Home Appliances,SLR0155,Gujarat,Koramangala,Bengaluru,1,1379,30,965,Credit Card,Delivered,2024-07-03,
AMZ000725,2024-02-09 15:57,15-16,Lakme Face Cream,Beauty,SLR0079,Rajasthan,Koramangala,Bengaluru,1,379,20,303,Debit Card,Pending,,
AMZ000726,2024-07-05 12:29,12-13,Lakme Face Cream,Beauty,SLR0197,West Bengal,Howrah,Kolkata,1,449,5,427,Cash on Delivery,Cancelled,,
AMZ000727,2024-02-03 19:44,19-20,Lakme Face Cream,Beauty,SLR0088,Karnataka,Salt Lake,Kolkata,1,829,15,705,Debit Card,Delivered,2024-02-06,
AMZ000728,2024-09-04 20:46,20-21,Puma Running Shoes,Footwear,SLR0090,Telangana,Saket,Delhi,2,1159,10,2086,UPI,Returned,,
AMZ000729,2024-01-13 13:11,13-14,Classmate Notebooks Pack,Stationery,SLR0051,Karnataka,T Nagar,Chennai,1,379,30,265,Credit Card,Delivered,2024-01-17,
AMZ000730,2024-11-08 16:20,16-17,Classmate Notebooks Pack,Stationery,SLR0192,West Bengal,Koramangala,Bengaluru,1,429,10,386,Cash on Delivery,Delivered,2024-11-13,
AMZ000731,2024-05-05 20:56,20-21,boAt Rockerz 255,Electronics,SLR0184,Karnataka,Hinjewadi,Pune,1,1119,25,839,Cash on Delivery,Cancelled,,
AMZ000732,2024-11-24 13:59,13-14,Classmate Notebooks Pack,Stationery,SLR0004,Tamil Nadu,Gachibowli,Hyderabad,3,319,20,765,Credit Card,Cancelled,,
AMZ000733,2024-12-10 18:44,18-19,Van Heusen Formal Shirt,Clothing,SLR0117,Gujarat,Dwarka,Delhi,1,1509,40,905,UPI,Delivered,2024-12-12,
AMZ000734,2024-01-10 10:23,10-11,Milton Water Bottle,Kitchen,SLR0169,Gujarat,Lajpat Nagar,Delhi,2,679,40,814,Debit Card,Delivered,2024-01-12,
AMZ000735,2024-01-28 16:05,16-17,Lakme Face Cream,Beauty,SLR0030,Delhi,Kothrud,Pune,3,839,20,2013,UPI,Delivered,2024-02-02,
AMZ000736,2024-10-19 15:19,15-16,Fire TV Stick,Electronics,SLR0004,Rajasthan,Adyar,Chennai,1,4399,5,4179,UPI,Cancelled,,
AMZ000737,2024-09-06 09:34,9-10,Casio Calculator,Stationery,SLR0183,Punjab,Bandra,Mumbai,1,409,15,348,Cash on Delivery,Delivered,2024-09-09,
AMZ000738,2024-07-24 12:39,12-13,Prestige Mixer Grinder,Home Appliances,SLR0038,Rajasthan,HSR Layout,Bengaluru,3,1129,40,2031,Credit Card,Delivered,2024-07-28,
AMZ000739,2024-06-27 14:01,14-15,Classmate Notebooks Pack,Stationery,SLR0083,Uttar Pradesh,Wakad,Pune,1,329,25,247,Debit Card,Returned,,
AMZ000740,2024-07-22 17:28,17-18,Pigeon Pressure Cooker,Kitchen,SLR0119,Uttar Pradesh,Anna Nagar,Chennai,1,1359,50,680,Debit Card,Delivered,2024-07-26,
AMZ000741,2024-05-12 21:42,21-22,Echo Dot,Electronics,SLR0157,Gujarat,Hitech City,Hyderabad,1,3529,15,3000,Cash on Delivery,Delivered,2024-05-13,
AMZ000742,2024-03-12 18:50,18-19,Echo Dot,Electronics,SLR0038,Telangana,Hinjewadi,Pune,2,3789,20,6062,Debit Card,Delivered,2024-03-14,
AMZ000743,2024-02-19 20:49,20-21,Realme Smart Watch,Electronics,SLR0135,Gujarat,Park Street,Kolkata,1,3449,5,3277,UPI,Cancelled,,
AMZ000744,2024-03-13 19:50,19-20,Classmate Notebooks Pack,Stationery,SLR0126,Rajasthan,Jadavpur,Kolkata,2,279,25,418,Credit Card,Delivered,2024-03-17,
AMZ000745,2024-01-21 21:27,21-22,Milton Water Bottle,Kitchen,SLR0117,Tamil Nadu,Dadar,Mumbai,1,619,10,557,Debit Card,Delivered,2024-01-25,
AMZ000746,2024-04-29 20:19,20-21,Realme Smart Watch,Electronics,SLR0112,Delhi,Hitech City,Hyderabad,1,1789,30,1252,Amazon Pay,Delivered,2024-04-30,
AMZ000747,2024-02-27 15:09,15-16,Mamaearth Shampoo,Beauty,SLR0058,Tamil Nadu,Thane,Mumbai,2,389,20,622,Net Banking,Cancelled,,
AMZ000748,2024-11-25 21:11,21-22,Wildcraft Backpack,Bags,SLR0143,Maharashtra,Howrah,Kolkata,2,3969,50,3968,UPI,Delivered,2024-11-27,
AMZ000749,2024-01-01 11:44,11-12,Prestige Mixer Grinder,Home Appliances,SLR0025,Uttar Pradesh,Wakad,Pune,1,2609,5,2479,Credit Card,Delivered,2024-01-02,
AMZ000750,2024-07-18 06:13,6-7,Realme Smart Watch,Electronics,SLR0001,Tamil Nadu,Adyar,Chennai,2,4539,30,6354,Credit Card,Delivered,2024-07-20,
AMZ000751,2024-05-11 20:16,20-21,Wildcraft Backpack,Bags,SLR0108,Tamil Nadu,Hitech City,Hyderabad,2,1659,25,2488,Cash on Delivery,Delivered,2024-05-12,
AMZ000752,2024-03-13 20:29,20-21,JBL Flip Speaker,Electronics,SLR0061,Delhi,Anna Nagar,Chennai,1,1669,50,834,Debit Card,Delivered,2024-03-16,
AMZ000753,2024-03-13 16:05,16-17,Van Heusen Formal Shirt,Clothing,SLR0042,West Bengal,Velachery,Chennai,1,789,20,631,UPI,Delivered,2024-03-16,
AMZ000754,2024-02-18 13:51,13-14,American Tourister Trolley,Bags,SLR0173,Rajasthan,Velachery,Chennai,1,2409,50,1204,UPI,Delivered,2024-02-22,
AMZ000755,2024-08-03 22:06,22-23,Casio Calculator,Stationery,SLR0127,Punjab,Bandra,Mumbai,1,139,50,70,Credit Card,Returned,,
AMZ000756,2024-04-10 20:19,20-21,Echo Dot,Electronics,SLR0109,West Bengal,Whitefield,Bengaluru,1,3929,20,3143,Net Banking,Cancelled,,
AMZ000757,2024-04-06 19:58,19-20,American Tourister Trolley,Bags,SLR0122,Maharashtra,Hinjewadi,Pune,2,1389,20,2222,Credit Card,Delivered,2024-04-10,
AMZ000758,2024-09-19 12:41,12-13,Van Heusen Formal Shirt,Clothing,SLR0049,Karnataka,Rohini,Delhi,1,409,40,245,UPI,Delivered,2024-09-20,
AMZ000759,2024-11-26 17:47,17-18,Lakme Face Cream,Beauty,SLR0102,Uttar Pradesh,Velachery,Chennai,3,659,15,1680,UPI,Delivered,2024-11-27,
AMZ000760,2024-05-22 17:17,17-18,Wildcraft Backpack,Bags,SLR0011,Gujarat,HSR Layout,Bengaluru,1,629,40,377,UPI,Delivered,2024-05-24,
AMZ000761,2024-04-03 16:54,16-17,Realme Smart Watch,Electronics,SLR0104,Telangana,Connaught Place,Delhi,2,1939,10,3490,Cash on Delivery,Returned,,
AMZ000762,2024-01-08 14:03,14-15,Lakme Face Cream,Beauty,SLR0067,Delhi,Anna Nagar,Chennai,1,279,5,265,Cash on Delivery,Pending,,
AMZ000763,2024-11-18 17:20,17-18,Echo Dot,Electronics,SLR0015,Rajasthan,Dadar,Mumbai,3,879,30,1845,Cash on Delivery,Cancelled,,
AMZ000764,2024-11-06 17:20,17-18,Puma Running Shoes,Footwear,SLR0174,Rajasthan,Koramangala,Bengaluru,3,1039,40,1869,Credit Card,Delivered,2024-11-10,
AMZ000765,2024-02-28 13:02,13-14,Milton Water Bottle,Kitchen,SLR0103,Karnataka,Howrah,Kolkata,1,899,15,764,Debit Card,Delivered,2024-02-29,
AMZ000766,2024-10-02 13:15,13-14,JBL Flip Speaker,Electronics,SLR0170,Telangana,T Nagar,Chennai,1,1799,10,1619,UPI,Delivered,2024-10-05,
AMZ000767,2024-08-18 21:20,21-22,Pigeon Pressure Cooker,Kitchen,SLR0088,Punjab,Velachery,Chennai,1,1509,50,754,Credit Card,Delivered,2024-08-22,
AMZ000768,2024-06-08 22:18,22-23,Wildcraft Backpack,Bags,SLR0031,Uttar Pradesh,Banjara Hills,Hyderabad,1,2119,5,2013,Net Banking,Delivered,2024-06-09,
AMZ000769,2024-01-19 19:07,19-20,Wildcraft Backpack,Bags,SLR0178,Tamil Nadu,Hinjewadi,Pune,1,3469,5,3296,Debit Card,Pending,,
AMZ000770,2024-05-10 19:55,19-20,Samsung Galaxy Buds,Electronics,SLR0158,Maharashtra,Park Street,Kolkata,1,4309,15,3663,Credit Card,Pending,,
AMZ000771,2024-03-18 23:05,23-24,JBL Flip Speaker,Electronics,SLR0022,Delhi,Howrah,Kolkata,1,4799,40,2879,Debit Card,Delivered,2024-03-23,
AMZ000772,2024-03-06 17:30,17-18,Philips Hair Dryer,Home Appliances,SLR0125,Rajasthan,Borivali,Mumbai,2,1689,15,2872,UPI,Cancelled,,
AMZ000773,2024-08-25 18:10,18-19,Bata Formal Shoes,Footwear,SLR0082,Rajasthan,Jadavpur,Kolkata,1,2109,5,2004,UPI,Delivered,2024-08-29,
AMZ000774,2024-04-06 14:36,14-15,Philips Hair Dryer,Home Appliances,SLR0102,Telangana,Adyar,Chennai,1,2729,20,2183,Debit Card,Delivered,2024-04-09,
AMZ000775,2024-08-13 11:35,11-12,Classmate Notebooks Pack,Stationery,SLR0173,Rajasthan,Thane,Mumbai,1,499,25,374,UPI,Delivered,2024-08-15,
AMZ000776,2024-02-18 20:53,20-21,Van Heusen Formal Shirt,Clothing,SLR0071,Uttar Pradesh,Salt Lake,Kolkata,1,1829,10,1646,UPI,Delivered,2024-02-21,
AMZ000777,2024-04-03 16:12,16-17,Bata Formal Shoes,Footwear,SLR0161,West Bengal,Borivali,Mumbai,1,1919,50,960,UPI,Delivered,2024-04-08,
AMZ000778,2024-08-01 17:31,17-18,Philips Hair Dryer,Home Appliances,SLR0018,Delhi,Madhapur,Hyderabad,1,3409,50,1704,UPI,Delivered,2024-08-05,
AMZ000779,2024-08-28 20:36,20-21,Mamaearth Shampoo,Beauty,SLR0051,Gujarat,Dwarka,Delhi,2,549,25,824,Debit Card,Delivered,2024-09-01,
AMZ000780,2024-11-01 13:38,13-14,JBL Flip Speaker,Electronics,SLR0038,Delhi,Thane,Mumbai,3,1289,40,2319,Amazon Pay,Delivered,2024-11-03,
AMZ000781,2024-11-06 23:18,23-24,boAt Rockerz 255,Electronics,SLR0017,Gujarat,Adyar,Chennai,1,3599,25,2699,UPI,Delivered,2024-11-11,
AMZ000782,2024-02-26 16:35,16-17,Lakme Face Cream,Beauty,SLR0155,Uttar Pradesh,HSR Layout,Bengaluru,2,319,15,542,Debit Card,Delivered,2024-02-28,
AMZ000783,2024-04-11 18:10,18-19,Casio Calculator,Stationery,SLR0041,Tamil Nadu,Dwarka,Delhi,1,159,50,80,Amazon Pay,Delivered,2024-04-12,
AMZ000784,2024-04-27 18:33,18-19,Casio Calculator,Stationery,SLR0062,Telangana,Madhapur,Hyderabad,2,139,5,264,Cash on Delivery,Delivered,2024-04-29,
AMZ000785,2024-03-12 16:14,16-17,American Tourister Trolley,Bags,SLR0134,Tamil Nadu,Gachibowli,Hyderabad,1,919,50,460,Amazon Pay,Delivered,2024-03-16,
AMZ000786,2024-11-12 10:08,10-11,Pigeon Pressure Cooker,Kitchen,SLR0082,West Bengal,Wakad,Pune,1,1819,5,1728,Cash on Delivery,Delivered,2024-11-16,
AMZ000787,2024-12-10 22:28,22-23,Prestige Mixer Grinder,Home Appliances,SLR0048,Telangana,Velachery,Chennai,1,4009,5,3809,Credit Card,Pending,,
AMZ000788,2024-04-06 12:08,12-13,Samsung Galaxy Buds,Electronics,SLR0047,West Bengal,Viman Nagar,Pune,1,3449,20,2759,UPI,Delivered,2024-04-07,
AMZ000789,2024-12-28 12:07,12-13,Pigeon Pressure Cooker,Kitchen,SLR0036,Maharashtra,Thane,Mumbai,2,1669,50,1668,UPI,Delivered,2024-12-31,
AMZ000790,2024-10-19 18:34,18-19,Echo Dot,Electronics,SLR0086,Punjab,Lajpat Nagar,Delhi,1,4499,10,4049,UPI,Delivered,2024-10-21,
AMZ000791,2024-11-20 19:58,19-20,Samsung Galaxy Buds,Electronics,SLR0095,West Bengal,Thane,Mumbai,2,3489,25,5234,Debit Card,Delivered,2024-11-22,
AMZ000792,2024-07-08 12:45,12-13,American Tourister Trolley,Bags,SLR0037,West Bengal,Gachibowli,Hyderabad,1,1619,30,1133,Net Banking,Delivered,2024-07-12,
AMZ000793,2024-08-04 14:13,14-15,JBL Flip Speaker,Electronics,SLR0130,Punjab,T Nagar,Chennai,1,779,50,390,UPI,Cancelled,,
AMZ000794,2024-04-25 11:16,11-12,Samsung Galaxy Buds,Electronics,SLR0198,Telangana,Borivali,Mumbai,2,1519,15,2582,Amazon Pay,Delivered,2024-04-27,
AMZ000795,2024-01-19 14:08,14-15,Pigeon Pressure Cooker,Kitchen,SLR0198,Rajasthan,Thane,Mumbai,1,1559,30,1091,UPI,Returned,,
AMZ000796,2024-03-19 01:28,1-2,boAt Rockerz 255,Electronics,SLR0058,Tamil Nadu,Velachery,Chennai,1,2409,40,1445,Debit Card,Delivered,2024-03-22,
AMZ000797,2024-02-19 12:57,12-13,Echo Dot,Electronics,SLR0129,Uttar Pradesh,Salt Lake,Kolkata,1,3519,5,3343,Debit Card,Pending,,
AMZ000798,2024-02-04 18:03,18-19,Philips Hair Dryer,Home Appliances,SLR0167,Punjab,Dwarka,Delhi,1,1369,50,684,UPI,Delivered,2024-02-09,
AMZ000799,2024-08-13 20:25,20-21,Pigeon Pressure Cooker,Kitchen,SLR0015,Karnataka,Lajpat Nagar,Delhi,2,1339,10,2410,Net Banking,Pending,,
AMZ000800,2024-12-04 22:09,22-23,Echo Dot,Electronics,SLR0157,Uttar Pradesh,Indiranagar,Bengaluru,1,4579,50,2290,Credit Card,Delivered,2024-12-05,
AMZ000801,2024-06-13 22:29,22-23,Milton Water Bottle,Kitchen,SLR0126,Maharashtra,Anna Nagar,Chennai,1,849,15,722,Cash on Delivery,Delivered,2024-06-17,
AMZ000802,2024-12-19 19:40,19-20,Samsung Galaxy Buds,Electronics,SLR0040,Uttar Pradesh,Banjara Hills,Hyderabad,1,1119,20,895,Cash on Delivery,Delivered,2024-12-21,
AMZ000803,2024-01-24 22:48,22-23,Realme Smart Watch,Electronics,SLR0181,Gujarat,Borivali,Mumbai,2,4039,40,4846,Debit Card,Returned,,
AMZ000804,2024-09-19 19:14,19-20,Pigeon Pressure Cooker,Kitchen,SLR0176,Telangana,Whitefield,Bengaluru,1,639,40,383,Credit Card,Delivered,2024-09-23,
AMZ000805,2024-09-22 19:12,19-20,JBL Flip Speaker,Electronics,SLR0099,Telangana,HSR Layout,Bengaluru,3,569,30,1194,Debit Card,Delivered,2024-09-27,
AMZ000806,2024-01-25 10:09,10-11,Echo Dot,Electronics,SLR0151,Maharashtra,Whitefield,Bengaluru,1,3019,30,2113,Cash on Delivery,Delivered,2024-01-30,
AMZ000807,2024-01-28 12:51,12-13,Levi's T-Shirt,Clothing,SLR0024,Tamil Nadu,Whitefield,Bengaluru,1,1129,40,677,Net Banking,Delivered,2024-02-01,
AMZ000808,2024-10-16 22:27,22-23,Echo Dot,Electronics,SLR0161,Uttar Pradesh,Jadavpur,Kolkata,1,4499,30,3149,UPI,Delivered,2024-10-19,
AMZ000809,2024-07-07 16:51,16-17,Puma Running Shoes,Footwear,SLR0074,Uttar Pradesh,Connaught Place,Delhi,1,1979,5,1880,Net Banking,Delivered,2024-07-11,
AMZ000810,2024-07-24 12:46,12-13,Echo Dot,Electronics,SLR0002,Tamil Nadu,T Nagar,Chennai,1,2819,5,2678,Amazon Pay,Delivered,2024-07-25,
AMZ000811,2024-04-12 12:47,12-13,Samsung Galaxy Buds,Electronics,SLR0094,Uttar Pradesh,Hinjewadi,Pune,3,2299,40,4137,Cash on Delivery,Cancelled,,
AMZ000812,2024-05-17 22:19,22-23,Mamaearth Shampoo,Beauty,SLR0061,Tamil Nadu,Viman Nagar,Pune,3,459,10,1239,UPI,Pending,,
AMZ000813,2024-07-10 15:14,15-16,American Tourister Trolley,Bags,SLR0081,Tamil Nadu,Borivali,Mumbai,1,3629,25,2722,UPI,Returned,,
AMZ000814,2024-04-06 14:36,14-15,Fire TV Stick,Electronics,SLR0183,Delhi,Hitech City,Hyderabad,1,2239,25,1679,UPI,Delivered,2024-04-10,
AMZ000815,2024-12-01 10:56,10-11,Echo Dot,Electronics,SLR0024,Rajasthan,T Nagar,Chennai,1,859,15,730,Cash on Delivery,Delivered,2024-12-03,
AMZ000816,2024-05-24 01:45,1-2,boAt Rockerz 255,Electronics,SLR0109,Gujarat,Park Street,Kolkata,1,2949,30,2064,Net Banking,Delivered,2024-05-29,
AMZ000817,2024-08-04 22:54,22-23,American Tourister Trolley,Bags,SLR0067,Uttar Pradesh,Velachery,Chennai,1,3289,30,2302,UPI,Delivered,2024-08-05,
AMZ000818,2024-01-01 23:56,23-24,JBL Flip Speaker,Electronics,SLR0006,Punjab,Park Street,Kolkata,1,2099,5,1994,Debit Card,Returned,,
AMZ000819,2024-10-19 14:31,14-15,Levi's T-Shirt,Clothing,SLR0143,Tamil Nadu,Velachery,Chennai,1,419,10,377,Net Banking,Cancelled,,
AMZ000820,2024-07-08 12:50,12-13,Lakme Face Cream,Beauty,SLR0149,Delhi,Anna Nagar,Chennai,1,749,20,599,Credit Card,Cancelled,,
AMZ000821,2024-04-29 13:57,13-14,Lakme Face Cream,Beauty,SLR0131,Uttar Pradesh,Salt Lake,Kolkata,1,849,30,594,Credit Card,Delivered,2024-05-01,
AMZ000822,2024-10-14 18:42,18-19,Philips Hair Dryer,Home Appliances,SLR0043,Tamil Nadu,Adyar,Chennai,1,3519,50,1760,UPI,Cancelled,,
AMZ000823,2024-02-01 18:07,18-19,Puma Running Shoes,Footwear,SLR0060,Karnataka,Lajpat Nagar,Delhi,3,1459,15,3720,Debit Card,Delivered,2024-02-04,
AMZ000824,2024-04-14 21:21,21-22,Echo Dot,Electronics,SLR0187,Uttar Pradesh,Velachery,Chennai,2,3919,50,3920,UPI,Delivered,2024-04-17,
AMZ000825,2024-04-11 11:20,11-12,Bata Formal Shoes,Footwear,SLR0136,Maharashtra,Hitech City,Hyderabad,1,1819,40,1091,Debit Card,Pending,,
AMZ000826,2024-04-16 17:25,17-18,Van Heusen Formal Shirt,Clothing,SLR0012,Tamil Nadu,Hitech City,Hyderabad,1,1249,25,937,Cash on Delivery,Delivered,2024-04-18,
AMZ000827,2024-07-29 18:20,18-19,Van Heusen Formal Shirt,Clothing,SLR0055,Uttar Pradesh,Wakad,Pune,2,549,10,988,UPI,Delivered,2024-08-01,
AMZ000828,2024-11-14 10:10,10-11,Mamaearth Shampoo,Beauty,SLR0170,Karnataka,Koramangala,Bengaluru,1,869,10,782,UPI,Delivered,2024-11-17,
AMZ000829,2024-12-12 11:12,11-12,Lakme Face Cream,Beauty,SLR0013,Delhi,Hinjewadi,Pune,2,449,30,628,Amazon Pay,Delivered,2024-12-14,
AMZ000830,2024-05-01 15:12,15-16,Van Heusen Formal Shirt,Clothing,SLR0054,Tamil Nadu,Hitech City,Hyderabad,1,1339,40,803,Credit Card,Returned,,
AMZ000831,2024-07-15 20:06,20-21,Philips Hair Dryer,Home Appliances,SLR0116,Maharashtra,Kothrud,Pune,1,1939,5,1842,Net Banking,Cancelled,,
AMZ000832,2024-05-08 21:35,21-22,Levi's T-Shirt,Clothing,SLR0068,Karnataka,Indiranagar,Bengaluru,1,739,25,554,Debit Card,Delivered,2024-05-09,
AMZ000833,2024-03-20 12:45,12-13,Casio Calculator,Stationery,SLR0146,Gujarat,Jadavpur,Kolkata,1,219,5,208,Cash on Delivery,Delivered,2024-03-24,
AMZ000834,2024-10-01 09:30,9-10,Lakme Face Cream,Beauty,SLR0004,Uttar Pradesh,Banjara Hills,Hyderabad,1,229,50,114,Credit Card,Delivered,2024-10-03,
AMZ000835,2024-06-19 19:30,19-20,Levi's T-Shirt,Clothing,SLR0168,Delhi,Bandra,Mumbai,1,1609,15,1368,Credit Card,Delivered,2024-06-23,
AMZ000836,2024-11-14 19:32,19-20,Levi's T-Shirt,Clothing,SLR0180,Telangana,Koramangala,Bengaluru,1,619,40,371,Amazon Pay,Delivered,2024-11-15,
AMZ000837,2024-11-20 12:33,12-13,Pigeon Pressure Cooker,Kitchen,SLR0176,West Bengal,Wakad,Pune,1,1229,10,1106,Debit Card,Delivered,2024-11-23,
AMZ000838,2024-12-11 19:16,19-20,Bata Formal Shoes,Footwear,SLR0178,Uttar Pradesh,Howrah,Kolkata,1,1809,20,1447,Amazon Pay,Delivered,2024-12-13,
AMZ000839,2024-06-02 20:29,20-21,Samsung Galaxy Buds,Electronics,SLR0143,West Bengal,Anna Nagar,Chennai,1,919,15,781,UPI,Cancelled,,
AMZ000840,2024-02-01 11:04,11-12,Bata Formal Shoes,Footwear,SLR0141,Punjab,Saket,Delhi,1,2799,10,2519,Net Banking,Delivered,2024-02-03,
AMZ000841,2024-03-11 21:51,21-22,American Tourister Trolley,Bags,SLR0150,Delhi,Park Street,Kolkata,1,2049,10,1844,Net Banking,Delivered,2024-03-13,
AMZ000842,2024-02-26 11:08,11-12,Realme Smart Watch,Electronics,SLR0099,Punjab,Dadar,Mumbai,1,3079,40,1847,UPI,Delivered,2024-03-01,
AMZ000843,2024-02-11 18:13,18-19,Pigeon Pressure Cooker,Kitchen,SLR0018,Rajasthan,Indiranagar,Bengaluru,1,549,10,494,UPI,Delivered,2024-02-14,
AMZ000844,2024-07-11 13:28,13-14,Bata Formal Shoes,Footwear,SLR0036,Punjab,Kothrud,Pune,1,1019,30,713,Debit Card,Delivered,2024-07-12,
AMZ000845,2024-07-15 22:36,22-23,Mamaearth Shampoo,Beauty,SLR0174,Gujarat,Hinjewadi,Pune,1,829,40,497,Debit Card,Delivered,2024-07-17,
AMZ000846,2024-01-07 20:15,20-21,Realme Smart Watch,Electronics,SLR0187,West Bengal,Koramangala,Bengaluru,2,4189,10,7540,Credit Card,Delivered,2024-01-12,
AMZ000847,2024-04-07 17:16,17-18,Casio Calculator,Stationery,SLR0178,Rajasthan,HSR Layout,Bengaluru,1,189,50,94,Debit Card,Delivered,2024-04-08,
AMZ000848,2024-05-22 12:26,12-13,Puma Running Shoes,Footwear,SLR0133,Gujarat,HSR Layout,Bengaluru,2,1979,5,3760,Credit Card,Returned,,
AMZ000849,2024-10-27 14:54,14-15,JBL Flip Speaker,Electronics,SLR0003,Delhi,Whitefield,Bengaluru,1,1289,10,1160,Credit Card,Delivered,2024-10-29,
AMZ000850,2024-05-24 15:13,15-16,Realme Smart Watch,Electronics,SLR0065,West Bengal,Indiranagar,Bengaluru,1,2409,10,2168,Debit Card,Delivered,2024-05-25,
AMZ000851,2024-12-18 07:08,7-8,Realme Smart Watch,Electronics,SLR0012,Telangana,Thane,Mumbai,1,1919,15,1631,UPI,Delivered,2024-12-19,
AMZ000852,2024-07-09 11:39,11-12,Puma Running Shoes,Footwear,SLR0035,Uttar Pradesh,Indiranagar,Bengaluru,2,2589,5,4920,UPI,Delivered,2024-07-14,
AMZ000853,2024-11-11 23:49,23-24,American Tourister Trolley,Bags,SLR0158,Maharashtra,Hitech City,Hyderabad,2,1139,40,1366,Debit Card,Delivered,2024-11-15,
AMZ000854,2024-10-17 18:08,18-19,Levi's T-Shirt,Clothing,SLR0139,Punjab,Dwarka,Delhi,3,1359,30,2853,Credit Card,Returned,,
AMZ000855,2024-11-24 22:52,22-23,Mamaearth Shampoo,Beauty,SLR0088,Tamil Nadu,Whitefield,Bengaluru,2,979,20,1566,Credit Card,Delivered,2024-11-25,
AMZ000856,2024-04-23 20:20,20-21,Wildcraft Backpack,Bags,SLR0040,Telangana,Borivali,Mumbai,3,1129,25,2541,Amazon Pay,Delivered,2024-04-24,
AMZ000857,2024-08-12 14:10,14-15,Prestige Mixer Grinder,Home Appliances,SLR0172,Uttar Pradesh,Viman Nagar,Pune,1,2019,25,1514,Debit Card,Delivered,2024-08-17,
AMZ000858,2024-07-26 20:30,20-21,JBL Flip Speaker,Electronics,SLR0095,Tamil Nadu,Hitech City,Hyderabad,1,3249,10,2924,Credit Card,Delivered,2024-07-27,
AMZ000859,2024-10-01 06:30,6-7,boAt Rockerz 255,Electronics,SLR0032,West Bengal,Gachibowli,Hyderabad,1,3859,50,1930,UPI,Delivered,2024-10-06,
AMZ000860,2024-12-11 12:15,12-13,Realme Smart Watch,Electronics,SLR0088,Delhi,Connaught Place,Delhi,1,2399,40,1439,Cash on Delivery,Delivered,2024-12-15,
AMZ000861,2024-04-08 07:43,7-8,Classmate Notebooks Pack,Stationery,SLR0077,Rajasthan,Hinjewadi,Pune,3,339,50,510,Amazon Pay,Delivered,2024-04-12,
AMZ000862,2024-01-03 21:54,21-22,Bata Formal Shoes,Footwear,SLR0030,Karnataka,Bandra,Mumbai,1,1309,5,1244,Credit Card,Delivered,2024-01-06,
AMZ000863,2024-03-31 14:33,14-15,Mamaearth Shampoo,Beauty,SLR0124,Gujarat,Lajpat Nagar,Delhi,1,979,20,783,UPI,Cancelled,,
AMZ000864,2024-10-24 11:13,11-12,Van Heusen Formal Shirt,Clothing,SLR0147,Gujarat,Anna Nagar,Chennai,1,1669,15,1419,Amazon Pay,Delivered,2024-10-29,
AMZ000865,2024-12-13 16:45,16-17,Prestige Mixer Grinder,Home Appliances,SLR0023,Maharashtra,Lajpat Nagar,Delhi,2,2839,5,5394,UPI,Delivered,2024-12-15,
AMZ000866,2024-06-18 15:51,15-16,Van Heusen Formal Shirt,Clothing,SLR0066,Delhi,Kothrud,Pune,1,1199,5,1139,Net Banking,Delivered,2024-06-21,
AMZ000867,2024-04-01 16:56,16-17,Fire TV Stick,Electronics,SLR0032,Uttar Pradesh,Bandra,Mumbai,1,549,10,494,Amazon Pay,Returned,,
AMZ000868,2024-03-12 20:32,20-21,Pigeon Pressure Cooker,Kitchen,SLR0198,Uttar Pradesh,Dadar,Mumbai,2,539,20,862,UPI,Delivered,2024-03-15,
AMZ000869,2024-09-21 21:25,21-22,American Tourister Trolley,Bags,SLR0177,Delhi,T Nagar,Chennai,1,3759,20,3007,Net Banking,Returned,,
AMZ000870,2024-06-11 14:35,14-15,Bata Formal Shoes,Footwear,SLR0098,Tamil Nadu,Rohini,Delhi,1,1549,10,1394,Debit Card,Delivered,2024-06-14,
AMZ000871,2024-06-25 09:46,9-10,Fire TV Stick,Electronics,SLR0170,West Bengal,Adyar,Chennai,1,2539,20,2031,Debit Card,Delivered,2024-06-26,
AMZ000872,2024-11-27 20:07,20-21,Classmate Notebooks Pack,Stationery,SLR0100,Maharashtra,Viman Nagar,Pune,1,279,15,237,Credit Card,Cancelled,,
AMZ000873,2024-10-27 18:59,18-19,Samsung Galaxy Buds,Electronics,SLR0185,Tamil Nadu,Connaught Place,Delhi,1,3679,50,1840,Credit Card,Delivered,2024-10-28,
AMZ000874,2024-10-13 13:01,13-14,Pigeon Pressure Cooker,Kitchen,SLR0164,Maharashtra,Andheri,Mumbai,1,539,25,404,Net Banking,Cancelled,,
AMZ000875,2024-09-19 12:14,12-13,Philips Hair Dryer,Home Appliances,SLR0064,Punjab,Park Street,Kolkata,1,3139,50,1570,Cash on Delivery,Delivered,2024-09-23,
AMZ000876,2024-11-16 10:24,10-11,Puma Running Shoes,Footwear,SLR0099,Punjab,Gachibowli,Hyderabad,1,1899,20,1519,Credit Card,Delivered,2024-11-19,
AMZ000877,2024-06-27 18:12,18-19,boAt Rockerz 255,Electronics,SLR0199,Rajasthan,Koramangala,Bengaluru,1,1309,5,1244,Net Banking,Delivered,2024-07-02,
AMZ000878,2024-05-23 11:26,11-12,Bata Formal Shoes,Footwear,SLR0103,Punjab,Gachibowli,Hyderabad,1,2739,15,2328,UPI,Delivered,2024-05-27,
AMZ000879,2024-03-18 17:36,17-18,Philips Hair Dryer,Home Appliances,SLR0017,Tamil Nadu,Dwarka,Delhi,1,1109,20,887,Debit Card,Delivered,2024-03-22,
AMZ000880,2024-09-01 19:03,19-20,Puma Running Shoes,Footwear,SLR0100,Punjab,Thane,Mumbai,1,549,5,522,UPI,Pending,,
AMZ000881,2024-12-01 23:00,23-24,Lakme Face Cream,Beauty,SLR0143,Telangana,Viman Nagar,Pune,1,919,40,551,Cash on Delivery,Delivered,2024-12-06,
AMZ000882,2024-04-24 12:09,12-13,Wildcraft Backpack,Bags,SLR0045,Karnataka,Viman Nagar,Pune,2,3059,40,3670,UPI,Delivered,2024-04-26,
AMZ000883,2024-06-19 16:32,16-17,Realme Smart Watch,Electronics,SLR0153,Uttar Pradesh,Saket,Delhi,1,3369,20,2695,Cash on Delivery,Delivered,2024-06-24,
AMZ000884,2024-09-07 17:54,17-18,Van Heusen Formal Shirt,Clothing,SLR0165,Punjab,Whitefield,Bengaluru,1,809,5,769,UPI,Cancelled,,
AMZ000885,2024-03-03 18:37,18-19,Casio Calculator,Stationery,SLR0038,Delhi,Wakad,Pune,2,359,50,360,Net Banking,Delivered,2024-03-08,
AMZ000886,2024-10-24 14:50,14-15,Realme Smart Watch,Electronics,SLR0042,Delhi,Viman Nagar,Pune,2,1959,25,2938,Credit Card,Delivered,2024-10-27,
AMZ000887,2024-04-07 19:43,19-20,Wildcraft Backpack,Bags,SLR0064,Gujarat,Indiranagar,Bengaluru,1,969,40,581,Credit Card,Pending,,
AMZ000888,2024-06-14 18:51,18-19,Bata Formal Shoes,Footwear,SLR0185,Maharashtra,Banjara Hills,Hyderabad,1,1539,5,1462,Amazon Pay,Delivered,2024-06-16,
AMZ000889,2024-04-24 20:58,20-21,Philips Hair Dryer,Home Appliances,SLR0197,Uttar Pradesh,Koramangala,Bengaluru,1,2829,50,1414,Cash on Delivery,Delivered,2024-04-29,
AMZ000890,2024-06-07 08:55,8-9,Milton Water Bottle,Kitchen,SLR0146,Telangana,Anna Nagar,Chennai,1,1019,5,968,UPI,Delivered,2024-06-12,
AMZ000891,2024-02-16 10:50,10-11,American Tourister Trolley,Bags,SLR0049,Rajasthan,Hitech City,Hyderabad,1,559,25,419,Debit Card,Delivered,2024-02-20,
AMZ000892,2024-05-15 19:07,19-20,Philips Hair Dryer,Home Appliances,SLR0066,Karnataka,Andheri,Mumbai,1,1629,20,1303,Debit Card,Returned,,
AMZ000893,2024-06-28 10:50,10-11,Casio Calculator,Stationery,SLR0199,Rajasthan,Banjara Hills,Hyderabad,1,109,25,82,Debit Card,Delivered,2024-06-30,
AMZ000894,2024-10-08 18:43,18-19,American Tourister Trolley,Bags,SLR0066,Telangana,Banjara Hills,Hyderabad,1,1819,5,1728,UPI,Delivered,2024-10-13,
AMZ000895,2024-02-23 15:06,15-16,boAt Rockerz 255,Electronics,SLR0134,Uttar Pradesh,Viman Nagar,Pune,1,3379,20,2703,UPI,Delivered,2024-02-28,
AMZ000896,2024-11-13 15:11,15-16,boAt Rockerz 255,Electronics,SLR0089,Karnataka,Park Street,Kolkata,3,3959,5,11283,UPI,Delivered,2024-11-17,
AMZ000897,2024-04-27 14:02,14-15,Realme Smart Watch,Electronics,SLR0030,Maharashtra,Jadavpur,Kolkata,2,4379,15,7444,Cash on Delivery,Delivered,2024-05-01,
AMZ000898,2024-08-27 22:35,22-23,Levi's T-Shirt,Clothing,SLR0057,Gujarat,Salt Lake,Kolkata,3,369,30,774,UPI,Delivered,2024-09-01,
AMZ000899,2024-02-04 08:00,8-9,Realme Smart Watch,Electronics,SLR0025,Gujarat,Kothrud,Pune,1,3889,10,3500,Credit Card,Cancelled,,
AMZ000900,2024-01-01 14:25,14-15,boAt Rockerz 255,Electronics,SLR0191,Maharashtra,Rohini,Delhi,1,4599,40,2759,Credit Card,Delivered,2024-01-03,
AMZ000901,2024-04-18 17:47,17-18,Samsung Galaxy Buds,Electronics,SLR0149,Maharashtra,Anna Nagar,Chennai,1,809,15,688,UPI,Delivered,2024-04-23,
AMZ000902,2024-08-02 19:50,19-20,Realme Smart Watch,Electronics,SLR0195,Telangana,Dwarka,Delhi,1,4919,25,3689,UPI,Delivered,2024-08-03,
AMZ000903,2024-08-23 07:39,7-8,Wildcraft Backpack,Bags,SLR0164,West Bengal,Andheri,Mumbai,1,3169,50,1584,Credit Card,Delivered,2024-08-24,
AMZ000904,2024-10-13 16:37,16-17,Echo Dot,Electronics,SLR0160,Telangana,Kothrud,Pune,2,3749,25,5624,Debit Card,Pending,,
AMZ000905,2024-02-20 21:15,21-22,Mamaearth Shampoo,Beauty,SLR0078,Telangana,Jadavpur,Kolkata,1,269,10,242,Cash on Delivery,Returned,,
AMZ000906,2024-05-24 11:03,11-12,Samsung Galaxy Buds,Electronics,SLR0033,Telangana,Gachibowli,Hyderabad,1,4039,15,3433,UPI,Delivered,2024-05-28,
AMZ000907,2024-05-07 18:35,18-19,Mamaearth Shampoo,Beauty,SLR0116,Maharashtra,Madhapur,Hyderabad,2,439,50,440,Debit Card,Delivered,2024-05-11,
AMZ000908,2024-05-19 21:30,21-22,American Tourister Trolley,Bags,SLR0196,Gujarat,Madhapur,Hyderabad,1,2319,25,1739,UPI,Returned,,
AMZ000909,2024-10-22 20:56,20-21,Lakme Face Cream,Beauty,SLR0186,Telangana,Dadar,Mumbai,1,589,5,560,Debit Card,Delivered,2024-10-24,
AMZ000910,2024-07-15 16:48,16-17,Lakme Face Cream,Beauty,SLR0146,Tamil Nadu,Park Street,Kolkata,1,749,30,524,Credit Card,Delivered,2024-07-16,
AMZ000911,2024-10-08 20:23,20-21,Philips Hair Dryer,Home Appliances,SLR0002,Uttar Pradesh,Park Street,Kolkata,2,3709,10,6676,Credit Card,Pending,,
AMZ000912,2024-02-06 08:28,8-9,Pigeon Pressure Cooker,Kitchen,SLR0023,Punjab,HSR Layout,Bengaluru,1,1399,20,1119,Credit Card,Delivered,2024-02-11,
AMZ000913,2024-11-22 06:47,6-7,Realme Smart Watch,Electronics,SLR0014,Punjab,Koramangala,Bengaluru,1,1909,50,954,Cash on Delivery,Delivered,2024-11-24,
AMZ000914,2024-01-29 17:33,17-18,Realme Smart Watch,Electronics,SLR0167,Rajasthan,Park Street,Kolkata,1,809,20,647,Credit Card,Delivered,2024-01-30,
AMZ000915,2024-02-16 14:09,14-15,Van Heusen Formal Shirt,Clothing,SLR0137,Tamil Nadu,Lajpat Nagar,Delhi,1,859,50,430,Cash on Delivery,Delivered,2024-02-17,
AMZ000916,2024-01-06 21:32,21-22,Realme Smart Watch,Electronics,SLR0122,Tamil Nadu,Thane,Mumbai,3,909,30,1908,UPI,Delivered,2024-01-10,
AMZ000917,2024-12-04 12:51,12-13,Casio Calculator,Stationery,SLR0067,Telangana,Madhapur,Hyderabad,1,139,10,125,Net Banking,Delivered,2024-12-09,
AMZ000918,2024-01-25 13:40,13-14,Samsung Galaxy Buds,Electronics,SLR0007,Punjab,Dadar,Mumbai,1,2199,10,1979,Credit Card,Delivered,2024-01-30,
AMZ000919,2024-11-20 12:41,12-13,Milton Water Bottle,Kitchen,SLR0095,Maharashtra,Kothrud,Pune,3,1889,50,2832,UPI,Returned,,
AMZ000920,2024-01-13 16:45,16-17,Wildcraft Backpack,Bags,SLR0170,Rajasthan,T Nagar,Chennai,3,2629,40,4731,Credit Card,Delivered,2024-01-16,
AMZ000921,2024-10-06 17:44,17-18,American Tourister Trolley,Bags,SLR0182,Punjab,Adyar,Chennai,1,579,30,405,Net Banking,Delivered,2024-10-09,
AMZ000922,2024-04-15 12:43,12-13,Pigeon Pressure Cooker,Kitchen,SLR0005,Rajasthan,Park Street,Kolkata,2,559,30,782,UPI,Delivered,2024-04-18,
AMZ000923,2024-11-23 13:31,13-14,Van Heusen Formal Shirt,Clothing,SLR0154,Tamil Nadu,Lajpat Nagar,Delhi,1,1649,10,1484,UPI,Delivered,2024-11-27,
AMZ000924,2024-03-28 08:59,8-9,Classmate Notebooks Pack,Stationery,SLR0134,Telangana,Hitech City,Hyderabad,2,129,20,206,Amazon Pay,Delivered,2024-04-01,
AMZ000925,2024-01-16 23:33,23-24,Samsung Galaxy Buds,Electronics,SLR0111,Maharashtra,Whitefield,Bengaluru,1,4579,15,3892,UPI,Cancelled,,
AMZ000926,2024-06-21 22:41,22-23,Philips Hair Dryer,Home Appliances,SLR0182,Karnataka,Indiranagar,Bengaluru,1,1289,30,902,Credit Card,Delivered,2024-06-22,
AMZ000927,2024-04-14 11:14,11-12,Samsung Galaxy Buds,Electronics,SLR0100,Rajasthan,Rohini,Delhi,1,2839,50,1420,Amazon Pay,Delivered,2024-04-17,
AMZ000928,2024-10-07 12:23,12-13,Philips Hair Dryer,Home Appliances,SLR0092,West Bengal,Madhapur,Hyderabad,1,1739,15,1478,UPI,Returned,,
AMZ000929,2024-10-08 14:25,14-15,Classmate Notebooks Pack,Stationery,SLR0052,Telangana,Kothrud,Pune,1,389,15,331,Cash on Delivery,Delivered,2024-10-11,
AMZ000930,2024-08-12 12:38,12-13,Wildcraft Backpack,Bags,SLR0039,Telangana,Hitech City,Hyderabad,1,2839,20,2271,UPI,Delivered,2024-08-16,
AMZ000931,2024-04-25 21:17,21-22,Fire TV Stick,Electronics,SLR0093,Karnataka,Hitech City,Hyderabad,1,1429,30,1000,Credit Card,Delivered,2024-04-27,
AMZ000932,2024-10-14 11:07,11-12,Classmate Notebooks Pack,Stationery,SLR0026,Rajasthan,Salt Lake,Kolkata,1,389,50,194,UPI,Returned,,
AMZ000933,2024-10-02 22:37,22-23,Fire TV Stick,Electronics,SLR0119,Telangana,Salt Lake,Kolkata,1,1279,20,1023,UPI,Delivered,2024-10-03,
AMZ000934,2024-11-21 10:37,10-11,Pigeon Pressure Cooker,Kitchen,SLR0133,West Bengal,Indiranagar,Bengaluru,1,1819,10,1637,Net Banking,Delivered,2024-11-22,
AMZ000935,2024-01-22 15:34,15-16,Fire TV Stick,Electronics,SLR0012,Gujarat,Connaught Place,Delhi,2,4329,40,5194,Debit Card,Delivered,2024-01-23,
AMZ000936,2024-12-28 05:13,5-6,Prestige Mixer Grinder,Home Appliances,SLR0156,Delhi,Saket,Delhi,1,3489,10,3140,Debit Card,Delivered,2025-01-02,
AMZ000937,2024-08-08 15:45,15-16,Bata Formal Shoes,Footwear,SLR0149,Uttar Pradesh,Indiranagar,Bengaluru,1,2849,10,2564,UPI,Pending,,
AMZ000938,2024-05-14 10:11,10-11,boAt Rockerz 255,Electronics,SLR0024,Karnataka,Lajpat Nagar,Delhi,1,3479,30,2435,Debit Card,Returned,,
AMZ000939,2024-03-02 07:14,7-8,Classmate Notebooks Pack,Stationery,SLR0127,Gujarat,Borivali,Mumbai,1,139,10,125,Credit Card,Delivered,2024-03-05,
AMZ000940,2024-05-06 11:05,11-12,Wildcraft Backpack,Bags,SLR0011,Delhi,HSR Layout,Bengaluru,3,3049,20,7317,Net Banking,Delivered,2024-05-07,
AMZ000941,2024-05-10 23:54,23-24,JBL Flip Speaker,Electronics,SLR0082,Punjab,Connaught Place,Delhi,3,2859,30,6003,Amazon Pay,Delivered,2024-05-15,
AMZ000942,2024-10-04 06:26,6-7,Prestige Mixer Grinder,Home Appliances,SLR0024,Karnataka,Kothrud,Pune,1,2799,20,2239,UPI,Delivered,2024-10-07,
AMZ000943,2024-04-09 14:55,14-15,Bata Formal Shoes,Footwear,SLR0041,Maharashtra,Dwarka,Delhi,1,559,20,447,Cash on Delivery,Returned,,
AMZ000944,2024-05-25 15:13,15-16,Fire TV Stick,Electronics,SLR0182,Uttar Pradesh,Salt Lake,Kolkata,1,879,30,615,Debit Card,Delivered,2024-05-30,
AMZ000945,2024-05-08 12:05,12-13,Van Heusen Formal Shirt,Clothing,SLR0179,Uttar Pradesh,Dwarka,Delhi,1,749,5,712,UPI,Delivered,2024-05-10,
AMZ000946,2024-11-08 14:28,14-15,Puma Running Shoes,Footwear,SLR0138,Tamil Nadu,Viman Nagar,Pune,1,1069,5,1016,UPI,Delivered,2024-11-13,
AMZ000947,2024-09-25 19:22,19-20,Fire TV Stick,Electronics,SLR0058,Tamil Nadu,Connaught Place,Delhi,1,2899,30,2029,Cash on Delivery,Returned,,
AMZ000948,2024-01-01 12:11,12-13,Levi's T-Shirt,Clothing,SLR0031,Tamil Nadu,Salt Lake,Kolkata,1,1289,10,1160,Cash on Delivery,Delivered,2024-01-05,
AMZ000949,2024-04-18 14:55,14-15,Levi's T-Shirt,Clothing,SLR0134,Delhi,Jadavpur,Kolkata,2,869,50,868,UPI,Delivered,2024-04-20,
AMZ000950,2024-08-02 01:03,1-2,Pigeon Pressure Cooker,Kitchen,SLR0092,Delhi,Salt Lake,Kolkata,2,1029,30,1440,Cash on Delivery,Delivered,2024-08-07,
AMZ000951,2024-06-11 10:00,10-11,Fire TV Stick,Electronics,SLR0155,West Bengal,Wakad,Pune,3,799,15,2037,UPI,Pending,,
AMZ000952,2024-06-24 19:37,19-20,Puma Running Shoes,Footwear,SLR0075,Punjab,Jadavpur,Kolkata,1,2269,15,1929,Cash on Delivery,Delivered,2024-06-26,
AMZ000953,2024-10-23 14:33,14-15,Classmate Notebooks Pack,Stationery,SLR0038,Punjab,Salt Lake,Kolkata,3,129,10,348,UPI,Delivered,2024-10-26,
AMZ000954,2024-05-21 20:29,20-21,Philips Hair Dryer,Home Appliances,SLR0172,Telangana,Whitefield,Bengaluru,1,1289,25,967,Debit Card,Cancelled,,
AMZ000955,2024-10-30 14:17,14-15,Prestige Mixer Grinder,Home Appliances,SLR0167,Maharashtra,HSR Layout,Bengaluru,1,3429,5,3258,UPI,Delivered,2024-11-03,
AMZ000956,2024-12-19 21:48,21-22,Echo Dot,Electronics,SLR0070,Telangana,HSR Layout,Bengaluru,1,1019,10,917,Debit Card,Delivered,2024-12-21,
AMZ000957,2024-04-10 15:53,15-16,Wildcraft Backpack,Bags,SLR0070,Maharashtra,Viman Nagar,Pune,1,2399,25,1799,Debit Card,Pending,,
AMZ000958,2024-09-19 14:45,14-15,Echo Dot,Electronics,SLR0185,Uttar Pradesh,Borivali,Mumbai,1,2649,30,1854,Credit Card,Delivered,2024-09-21,
AMZ000959,2024-09-15 22:24,22-23,Echo Dot,Electronics,SLR0053,Telangana,Hinjewadi,Pune,1,3999,10,3599,UPI,Delivered,2024-09-16,
AMZ000960,2024-06-26 19:30,19-20,Samsung Galaxy Buds,Electronics,SLR0068,Delhi,T Nagar,Chennai,1,3919,40,2351,Amazon Pay,Delivered,2024-07-01,
AMZ000961,2024-06-14 21:35,21-22,Casio Calculator,Stationery,SLR0144,Punjab,Indiranagar,Bengaluru,1,269,50,134,Cash on Delivery,Returned,,
AMZ000962,2024-05-06 21:00,21-22,Milton Water Bottle,Kitchen,SLR0195,Uttar Pradesh,Banjara Hills,Hyderabad,1,1809,40,1085,UPI,Pending,,
AMZ000963,2024-09-05 12:36,12-13,Prestige Mixer Grinder,Home Appliances,SLR0094,Gujarat,Park Street,Kolkata,3,2919,40,5253,Debit Card,Delivered,2024-09-10,
AMZ000964,2024-10-01 19:26,19-20,Casio Calculator,Stationery,SLR0088,Rajasthan,Rohini,Delhi,2,369,5,702,Debit Card,Returned,,
AMZ000965,2024-01-06 12:33,12-13,Milton Water Bottle,Kitchen,SLR0152,Punjab,Rohini,Delhi,1,1069,20,855,UPI,Cancelled,,
AMZ000966,2024-02-27 19:00,19-20,Prestige Mixer Grinder,Home Appliances,SLR0130,Uttar Pradesh,Indiranagar,Bengaluru,1,2669,10,2402,Credit Card,Returned,,
AMZ000967,2024-12-22 09:55,9-10,Mamaearth Shampoo,Beauty,SLR0080,Punjab,Howrah,Kolkata,1,869,30,608,Debit Card,Delivered,2024-12-27,
AMZ000968,2024-08-24 15:38,15-16,Bata Formal Shoes,Footwear,SLR0074,Karnataka,Kothrud,Pune,1,1499,5,1424,UPI,Delivered,2024-08-29,
AMZ000969,2024-11-18 08:51,8-9,Mamaearth Shampoo,Beauty,SLR0034,Gujarat,T Nagar,Chennai,1,759,20,607,Cash on Delivery,Delivered,2024-11-21,
AMZ000970,2024-07-26 23:50,23-24,Pigeon Pressure Cooker,Kitchen,SLR0048,Karnataka,Bandra,Mumbai,1,1169,20,935,Net Banking,Delivered,2024-07-27,
AMZ000971,2024-01-19 19:11,19-20,Echo Dot,Electronics,SLR0173,Delhi,Rohini,Delhi,2,1539,20,2462,Credit Card,Delivered,2024-01-23,
AMZ000972,2024-01-13 08:44,8-9,Classmate Notebooks Pack,Stationery,SLR0149,Karnataka,Dadar,Mumbai,3,169,10,456,UPI,Delivered,2024-01-18,
AMZ000973,2024-11-18 20:58,20-21,boAt Rockerz 255,Electronics,SLR0018,Gujarat,Banjara Hills,Hyderabad,1,2769,40,1661,UPI,Delivered,2024-11-19,
AMZ000974,2024-12-30 10:54,10-11,Realme Smart Watch,Electronics,SLR0158,Gujarat,Koramangala,Bengaluru,1,3039,20,2431,UPI,Delivered,2025-01-02,
AMZ000975,2024-08-15 12:08,12-13,Fire TV Stick,Electronics,SLR0154,Rajasthan,Thane,Mumbai,1,4379,10,3941,Debit Card,Delivered,2024-08-18,
AMZ000976,2024-05-27 16:10,16-17,Philips Hair Dryer,Home Appliances,SLR0140,Punjab,Velachery,Chennai,1,3019,5,2868,Cash on Delivery,Delivered,2024-05-31,
AMZ000977,2024-06-06 16:51,16-17,boAt Rockerz 255,Electronics,SLR0164,Telangana,T Nagar,Chennai,1,2209,40,1325,Amazon Pay,Delivered,2024-06-11,
AMZ000978,2024-10-05 18:29,18-19,American Tourister Trolley,Bags,SLR0105,West Bengal,Gachibowli,Hyderabad,2,599,5,1138,UPI,Delivered,2024-10-08,
AMZ000979,2024-03-13 20:14,20-21,Puma Running Shoes,Footwear,SLR0012,Maharashtra,HSR Layout,Bengaluru,2,3009,10,5416,UPI,Delivered,2024-03-16,
AMZ000980,2024-09-17 22:00,22-23,Van Heusen Formal Shirt,Clothing,SLR0111,Karnataka,Koramangala,Bengaluru,1,639,30,447,UPI,Delivered,2024-09-19,
AMZ000981,2024-07-02 22:37,22-23,Fire TV Stick,Electronics,SLR0190,Delhi,T Nagar,Chennai,1,1509,5,1434,UPI,Delivered,2024-07-04,
AMZ000982,2024-05-13 13:22,13-14,Milton Water Bottle,Kitchen,SLR0054,Gujarat,Dadar,Mumbai,1,1819,20,1455,Cash on Delivery,Delivered,2024-05-15,
AMZ000983,2024-06-22 19:05,19-20,Lakme Face Cream,Beauty,SLR0128,Tamil Nadu,Viman Nagar,Pune,1,489,15,416,Cash on Delivery,Cancelled,,
AMZ000984,2024-10-31 22:56,22-23,Pigeon Pressure Cooker,Kitchen,SLR0181,Maharashtra,T Nagar,Chennai,1,669,25,502,Net Banking,Cancelled,,
AMZ000985,2024-10-13 08:14,8-9,JBL Flip Speaker,Electronics,SLR0033,Uttar Pradesh,Hinjewadi,Pune,1,3559,30,2491,Cash on Delivery,Delivered,2024-10-15,
AMZ000986,2024-08-06 21:43,21-22,Casio Calculator,Stationery,SLR0126,Uttar Pradesh,Kothrud,Pune,1,329,40,197,Net Banking,Cancelled,,
AMZ000987,2024-11-21 14:13,14-15,Pigeon Pressure Cooker,Kitchen,SLR0109,Tamil Nadu,Dwarka,Delhi,1,369,40,221,UPI,Delivered,2024-11-25,
AMZ000988,2024-03-19 22:26,22-23,American Tourister Trolley,Bags,SLR0012,Karnataka,Wakad,Pune,2,639,25,958,Net Banking,Delivered,2024-03-23,
AMZ000989,2024-09-23 14:19,14-15,Realme Smart Watch,Electronics,SLR0033,Punjab,Indiranagar,Bengaluru,1,2429,50,1214,UPI,Returned,,
AMZ000990,2024-03-22 14:10,14-15,Milton Water Bottle,Kitchen,SLR0086,Rajasthan,Connaught Place,Delhi,1,729,50,364,Credit Card,Delivered,2024-03-25,
AMZ000991,2024-05-29 20:31,20-21,JBL Flip Speaker,Electronics,SLR0100,Maharashtra,Gachibowli,Hyderabad,1,3859,50,1930,Amazon Pay,Delivered,2024-06-02,
AMZ000992,2024-06-29 02:04,2-3,Echo Dot,Electronics,SLR0135,Telangana,Hitech City,Hyderabad,1,4009,25,3007,Cash on Delivery,Delivered,2024-07-02,
AMZ000993,2024-08-31 19:03,19-20,Pigeon Pressure Cooker,Kitchen,SLR0171,Gujarat,Andheri,Mumbai,3,1719,25,3867,Net Banking,Delivered,2024-09-01,
AMZ000994,2024-07-20 17:35,17-18,American Tourister Trolley,Bags,SLR0164,West Bengal,Viman Nagar,Pune,1,1599,20,1279,Cash on Delivery,Delivered,2024-07-23,
AMZ000995,2024-06-05 12:36,12-13,Samsung Galaxy Buds,Electronics,SLR0089,Tamil Nadu,Anna Nagar,Chennai,3,3319,5,9459,Credit Card,Delivered,2024-06-10,
AMZ000996,2024-05-16 18:20,18-19,JBL Flip Speaker,Electronics,SLR0154,Gujarat,Andheri,Mumbai,1,4099,40,2459,Debit Card,Delivered,2024-05-21,
AMZ000997,2024-04-08 17:41,17-18,Wildcraft Backpack,Bags,SLR0116,Delhi,Adyar,Chennai,3,2149,25,4836,UPI,Delivered,2024-04-12,
AMZ000998,2024-09-05 14:08,14-15,Fire TV Stick,Electronics,SLR0154,Karnataka,Park Street,Kolkata,1,4549,10,4094,Debit Card,Delivered,2024-09-07,
AMZ000999,2024-10-04 19:48,19-20,Prestige Mixer Grinder,Home Appliances,SLR0039,Karnataka,Koramangala,Bengaluru,1,2069,20,1655,Credit Card,Delivered,2024-10-06,
AMZ001000,2024-08-03 12:57,12-13,American Tourister Trolley,Bags,SLR0093,Uttar Pradesh,Park Street,Kolkata,2,3519,30,4926,UPI,Delivered,2024-08-07,
